{"type":"FeatureCollection","features":[{"type":"Feature","properties":{"name":"AC","nome":"Acre"},"geometry":{"type":"MultiPolygon","coordinates":[[[[-73.608,-7.202],[-72.659,-7.625],[-70.369,-8.141],[-68.728,-9.0],[-66.619,-9.894],[-66.627,-9.935],[-66.873,-10.081],[-67.048,-10.275],[-67.131,-10.293],[-67.18,-10.339],[-67.322,-10.322],[-67.311,-10.372],[-67.351,-10.392],[-67.406,-10.374],[-67.441,-10.452],[-67.579,-10.503],[-67.638,-10.594],[-67.676,-10.605],[-67.707,-10.708],[-67.877,-10.64],[-68.054,-10.67],[-68.238,-10.956],[-68.384,-11.017],[-68.396,-11.051],[-68.487,-11.05],[-68.543,-11.109],[-68.716,-11.143],[-68.764,-11.067],[-68.758,-11.001],[-68.914,-11.019],[-68.972,-10.989],[-68.994,-11.011],[-69.073,-10.966],[-69.377,-10.952],[-69.424,-10.927],[-69.737,-10.974],[-69.801,-10.926],[-69.935,-10.921],[-70.161,-11.04],[-70.311,-11.07],[-70.437,-11.039],[-70.531,-10.935],[-70.622,-10.999],[-70.623,-9.821],[-70.538,-9.765],[-70.526,-9.713],[-70.585,-9.639],[-70.6,-9.558],[-70.558,-9.572],[-70.571,-9.53],[-70.505,-9.506],[-70.53,-9.47],[-70.494,-9.426],[-70.595,-9.44],[-70.652,-9.512],[-70.751,-9.559],[-70.794,-9.636],[-70.971,-9.753],[-70.999,-9.814],[-71.164,-9.875],[-71.212,-9.967],[-71.309,-9.992],[-71.35,-9.973],[-71.377,-10.001],[-72.18,-10.0],[-72.14,-9.878],[-72.151,-9.799],[-72.271,-9.749],[-72.254,-9.614],[-72.289,-9.601],[-72.285,-9.54],[-72.32,-9.542],[-72.357,-9.494],[-72.51,-9.485],[-72.717,-9.411],[-73.215,-9.411],[-73.191,-9.36],[-73.101,-9.304],[-73.08,-9.237],[-73.005,-9.211],[-73.02,-9.177],[-72.947,-9.115],[-72.937,-8.988],[-73.032,-8.906],[-73.131,-8.707],[-73.225,-8.678],[-73.291,-8.615],[-73.28,-8.475],[-73.389,-8.469],[-73.412,-8.411],[-73.537,-8.345],[-73.536,-8.27],[-73.597,-8.205],[-73.586,-8.127],[-73.63,-8.021],[-73.678,-8.005],[-73.697,-7.96],[-73.733,-7.968],[-73.771,-7.906],[-73.759,-7.858],[-73.698,-7.867],[-73.684,-7.776],[-73.827,-7.716],[-73.988,-7.555],[-73.919,-7.465],[-73.962,-7.345],[-73.869,-7.378],[-73.829,-7.336],[-73.758,-7.347],[-73.7,-7.305],[-73.713,-7.235],[-73.804,-7.111],[-73.608,-7.202]]]]}},{"type":"Feature","properties":{"name":"AL","nome":"Alagoas"},"geometry":{"type":"MultiPolygon","coordinates":[[[[-35.465,-8.825],[-35.152,-8.913],[-35.354,-9.255],[-35.649,-9.567],[-35.694,-9.664],[-35.812,-9.732],[-36.046,-10.075],[-36.272,-10.275],[-36.391,-10.501],[-36.456,-10.407],[-36.51,-10.432],[-36.564,-10.416],[-36.571,-10.319],[-36.623,-10.258],[-36.72,-10.264],[-36.91,-10.138],[-36.992,-9.977],[-37.049,-9.986],[-37.153,-9.9],[-37.237,-9.894],[-37.285,-9.831],[-37.419,-9.762],[-37.581,-9.734],[-37.711,-9.631],[-37.785,-9.638],[-37.894,-9.54],[-37.989,-9.527],[-38.079,-9.44],[-38.203,-9.418],[-38.194,-9.385],[-38.237,-9.329],[-38.092,-9.172],[-37.979,-9.148],[-37.839,-8.978],[-37.829,-8.893],[-37.76,-8.857],[-37.684,-8.967],[-37.698,-8.992],[-37.661,-8.987],[-37.643,-9.018],[-37.583,-8.97],[-37.49,-8.965],[-37.469,-9.027],[-37.315,-9.094],[-37.234,-9.24],[-37.198,-9.215],[-37.159,-9.239],[-37.164,-9.275],[-37.106,-9.239],[-37.057,-9.281],[-37.058,-9.317],[-36.952,-9.382],[-36.915,-9.299],[-36.868,-9.268],[-36.797,-9.293],[-36.693,-9.275],[-36.604,-9.341],[-36.437,-9.212],[-36.365,-9.222],[-36.309,-9.172],[-36.224,-9.171],[-36.266,-9.102],[-36.124,-9.03],[-36.104,-8.999],[-36.126,-8.956],[-36.063,-8.915],[-35.795,-8.848],[-35.748,-8.917],[-35.535,-8.819],[-35.465,-8.825]],[[-35.290981,-9.148233],[-35.290951,-9.149527],[-35.289244,-9.148],[-35.290186,-9.146987],[-35.291033,-9.146075],[-35.290981,-9.148233]]]]}},{"type":"Feature","properties":{"name":"AM","nome":"Amazonas"},"geometry":{"type":"MultiPolygon","coordinates":[[[[-67.326,2.03],[-67.278,1.876],[-67.156,1.849],[-67.097,1.733],[-67.072,1.443],[-67.088,1.167],[-66.856,1.231],[-66.318,0.755],[-66.213,0.782],[-66.151,0.745],[-66.088,0.759],[-66.069,0.805],[-65.964,0.81],[-65.879,0.933],[-65.774,0.96],[-65.739,1.0],[-65.585,1.009],[-65.493,0.882],[-65.591,0.722],[-65.54,0.649],[-65.423,0.708],[-65.395,0.759],[-65.412,0.816],[-65.329,0.932],[-65.181,0.924],[-65.148,1.01],[-65.169,1.019],[-65.154,1.125],[-65.103,1.157],[-65.071,1.154],[-65.061,1.112],[-65.022,1.115],[-64.96,1.231],[-64.935,1.212],[-64.898,1.253],[-64.868,1.232],[-64.81,1.315],[-64.746,1.226],[-64.701,1.292],[-64.59,1.338],[-64.527,1.444],[-64.438,1.472],[-64.397,1.527],[-64.348,1.502],[-64.399,1.395],[-64.337,1.364],[-64.301,1.469],[-64.095,1.617],[-64.061,1.702],[-64.06,1.931],[-63.996,1.98],[-63.898,1.993],[-63.844,1.965],[-63.74,2.0],[-63.703,2.047],[-63.667,2.017],[-63.617,2.107],[-63.42,2.132],[-63.372,2.212],[-63.282,2.154],[-63.141,2.173],[-63.107,2.08],[-63.023,2.015],[-62.838,2.017],[-62.706,1.94],[-62.723,1.713],[-62.804,1.591],[-62.637,1.434],[-62.546,1.125],[-62.521,1.084],[-62.471,1.087],[-62.445,0.977],[-62.486,0.867],[-62.457,0.786],[-62.535,0.694],[-62.532,0.509],[-62.518,0.444],[-62.485,0.454],[-62.446,0.379],[-62.468,0.276],[-62.424,0.092],[-62.346,0.03],[-62.319,-0.102],[-62.245,-0.174],[-62.248,-0.302],[-62.188,-0.33],[-62.202,-0.393],[-62.309,-0.514],[-62.29,-0.646],[-62.37,-0.676],[-62.358,-0.707],[-62.406,-0.727],[-62.486,-0.681],[-62.51,-0.759],[-62.395,-0.82],[-62.293,-0.948],[-62.203,-0.983],[-62.125,-1.037],[-62.099,-1.096],[-62.039,-1.118],[-61.896,-1.395],[-61.79,-1.379],[-61.635,-1.434],[-61.474,-1.579],[-61.473,-1.528],[-61.516,-1.502],[-61.538,-1.433],[-61.619,-1.394],[-61.582,-1.353],[-61.628,-1.301],[-61.573,-1.184],[-61.576,-1.079],[-61.544,-1.062],[-61.585,-0.937],[-61.538,-0.756],[-61.464,-0.664],[-61.224,-0.559],[-61.216,-0.5],[-61.087,-0.5],[-61.046,-0.546],[-60.92,-0.555],[-60.908,-0.624],[-60.761,-0.761],[-60.752,-0.861],[-60.667,-0.894],[-60.591,-0.853],[-60.531,-0.875],[-60.479,-0.771],[-60.427,-0.778],[-60.309,-0.724],[-60.313,-0.641],[-60.383,-0.59],[-60.399,-0.51],[-60.289,-0.293],[-60.299,-0.211],[-60.224,-0.143],[-60.203,-0.033],[-60.138,0.029],[-60.116,0.134],[-60.059,0.163],[-60.037,0.264],[-58.895,0.264],[-58.872,-0.343],[-58.729,-0.435],[-58.71,-0.538],[-58.733,-0.611],[-58.705,-0.679],[-58.436,-0.883],[-58.45,-0.926],[-58.41,-0.981],[-58.43,-1.027],[-58.323,-1.143],[-58.254,-1.132],[-58.162,-1.229],[-58.081,-1.126],[-58.017,-1.106],[-57.972,-1.162],[-58.0,-1.33],[-57.96,-1.401],[-57.824,-1.439],[-57.783,-1.508],[-57.713,-1.504],[-57.678,-1.594],[-57.602,-1.57],[-57.528,-1.652],[-57.427,-1.691],[-57.403,-1.675],[-57.392,-1.723],[-57.305,-1.73],[-57.253,-1.696],[-57.23,-1.726],[-57.164,-1.721],[-57.163,-1.768],[-57.063,-1.808],[-57.037,-1.911],[-56.988,-1.907],[-56.859,-2.016],[-56.734,-2.022],[-56.723,-2.067],[-56.768,-2.165],[-56.679,-2.212],[-56.612,-2.21],[-56.527,-2.139],[-56.413,-2.176],[-56.369,-2.137],[-56.316,-2.14],[-56.228,-2.056],[-56.098,-2.027],[-56.22,-2.196],[-56.384,-2.27],[-56.465,-2.423],[-56.402,-2.456],[-58.262,-6.469],[-58.325,-6.499],[-58.478,-6.699],[-58.481,-6.781],[-58.434,-6.908],[-58.209,-7.134],[-58.136,-7.356],[-58.212,-7.458],[-58.202,-7.621],[-58.277,-7.703],[-58.294,-7.772],[-58.382,-7.839],[-58.286,-8.128],[-58.322,-8.17],[-58.314,-8.323],[-58.417,-8.492],[-58.391,-8.603],[-58.437,-8.703],[-58.326,-8.72],[-58.395,-8.78],[-58.5,-8.802],[-61.582,-8.798],[-61.63,-8.722],[-61.713,-8.687],[-61.774,-8.748],[-61.836,-8.732],[-61.859,-8.853],[-61.985,-8.878],[-62.031,-8.799],[-62.124,-8.801],[-62.2,-8.644],[-62.176,-8.637],[-62.188,-8.59],[-62.268,-8.575],[-62.293,-8.596],[-62.281,-8.638],[-62.335,-8.609],[-62.367,-8.389],[-62.465,-8.339],[-62.526,-8.383],[-62.561,-8.284],[-62.649,-8.237],[-62.686,-8.173],[-62.692,-8.093],[-62.845,-7.986],[-63.62,-7.969],[-63.669,-8.121],[-63.747,-8.198],[-63.722,-8.249],[-63.773,-8.32],[-63.87,-8.288],[-63.944,-8.331],[-63.977,-8.42],[-63.94,-8.452],[-63.974,-8.487],[-63.924,-8.575],[-63.945,-8.609],[-63.986,-8.585],[-64.027,-8.715],[-64.13,-8.722],[-64.149,-8.959],[-64.311,-8.996],[-64.323,-8.928],[-64.611,-9.016],[-64.839,-8.994],[-64.917,-9.043],[-64.936,-9.255],[-65.097,-9.432],[-65.184,-9.427],[-65.208,-9.285],[-65.246,-9.257],[-65.385,-9.338],[-65.447,-9.316],[-65.434,-9.466],[-65.492,-9.473],[-65.596,-9.413],[-65.679,-9.451],[-65.723,-9.559],[-65.791,-9.585],[-65.97,-9.413],[-66.123,-9.408],[-66.173,-9.434],[-66.267,-9.409],[-66.307,-9.436],[-66.408,-9.407],[-66.392,-9.5],[-66.5,-9.633],[-66.609,-9.665],[-66.725,-9.756],[-66.775,-9.753],[-66.806,-9.814],[-68.728,-9.0],[-70.369,-8.141],[-72.659,-7.625],[-73.804,-7.111],[-73.725,-7.022],[-73.752,-6.932],[-73.645,-6.761],[-73.515,-6.676],[-73.382,-6.635],[-73.356,-6.594],[-73.213,-6.576],[-73.137,-6.497],[-73.109,-6.409],[-73.249,-6.144],[-73.236,-6.031],[-73.19,-5.999],[-73.157,-5.869],[-73.056,-5.788],[-72.962,-5.654],[-72.957,-5.464],[-72.864,-5.273],[-72.885,-5.166],[-72.817,-5.138],[-72.814,-5.11],[-72.708,-5.053],[-72.63,-5.051],[-72.606,-4.995],[-72.522,-4.938],[-72.482,-4.952],[-72.464,-4.896],[-72.434,-4.911],[-72.386,-4.872],[-72.371,-4.807],[-72.321,-4.777],[-72.28,-4.798],[-72.127,-4.722],[-72.039,-4.623],[-72.006,-4.641],[-71.946,-4.604],[-71.883,-4.516],[-71.762,-4.503],[-71.749,-4.472],[-71.715,-4.511],[-71.654,-4.507],[-71.62,-4.47],[-71.634,-4.519],[-71.605,-4.533],[-71.537,-4.467],[-71.495,-4.487],[-71.509,-4.448],[-71.418,-4.465],[-71.354,-4.428],[-71.314,-4.458],[-71.324,-4.421],[-71.272,-4.434],[-71.269,-4.385],[-71.231,-4.407],[-71.207,-4.379],[-71.201,-4.425],[-71.153,-4.383],[-71.117,-4.41],[-71.1,-4.377],[-70.996,-4.384],[-70.996,-4.345],[-70.943,-4.385],[-70.808,-4.183],[-70.759,-4.16],[-70.681,-4.199],[-70.653,-4.127],[-70.624,-4.131],[-70.624,-4.192],[-70.548,-4.137],[-70.503,-4.196],[-70.439,-4.134],[-70.377,-4.142],[-70.34,-4.186],[-70.326,-4.146],[-70.291,-4.176],[-70.298,-4.29],[-70.255,-4.277],[-70.266,-4.312],[-70.216,-4.319],[-70.199,-4.366],[-70.152,-4.335],[-70.158,-4.284],[-70.108,-4.264],[-70.044,-4.352],[-69.964,-4.3],[-69.457,-1.493],[-69.4,-1.37],[-69.431,-1.233],[-69.395,-1.132],[-69.443,-1.036],[-69.421,-1.0],[-69.523,-0.929],[-69.563,-0.812],[-69.626,-0.749],[-69.564,-0.639],[-69.605,-0.6],[-69.614,-0.506],[-69.844,-0.345],[-69.923,-0.331],[-70.057,-0.186],[-70.043,0.559],[-70.015,0.54],[-69.998,0.57],[-69.942,0.555],[-69.914,0.585],[-69.809,0.573],[-69.679,0.671],[-69.606,0.63],[-69.481,0.736],[-69.358,0.613],[-69.301,0.649],[-69.297,0.604],[-69.203,0.606],[-69.193,0.652],[-69.114,0.65],[-69.186,0.734],[-69.144,0.783],[-69.165,0.852],[-69.135,0.878],[-69.185,0.903],[-69.163,0.946],[-69.265,1.065],[-69.379,1.096],[-69.416,1.053],[-69.447,1.084],[-69.606,1.105],[-69.684,1.077],[-69.71,1.127],[-69.812,1.07],[-69.844,1.086],[-69.842,1.721],[-69.636,1.738],[-69.552,1.792],[-69.393,1.725],[-68.156,1.732],[-68.187,1.785],[-68.236,1.773],[-68.233,1.83],[-68.266,1.828],[-68.208,1.962],[-68.139,1.986],[-68.087,1.902],[-67.941,1.831],[-67.768,2.04],[-67.619,2.024],[-67.539,2.156],[-67.407,2.247],[-67.343,2.206],[-67.326,2.03]]]]}},{"type":"Feature","properties":{"name":"AP","nome":"Amapá"},"geometry":{"type":"MultiPolygon","coordinates":[[[[-51.182,4.009],[-51.179,3.945],[-51.075,3.891],[-51.087,3.392],[-51.022,3.208],[-51.014,3.046],[-50.944,2.884],[-50.942,2.804],[-50.902,2.795],[-50.882,2.686],[-50.841,2.639],[-50.854,2.491],[-50.802,2.508],[-50.764,2.448],[-50.682,2.173],[-50.702,2.139],[-50.522,2.209],[-50.446,2.2],[-50.352,2.087],[-50.238,1.804],[-50.091,1.792],[-49.921,1.704],[-49.876,1.481],[-49.91,1.297],[-49.893,1.193],[-49.945,1.108],[-49.94,0.994],[-50.092,0.783],[-50.093,0.702],[-50.314,0.678],[-50.409,0.624],[-50.556,0.307],[-50.668,0.185],[-50.784,0.112],[-50.934,0.07],[-51.084,-0.087],[-51.216,-0.118],[-51.457,-0.513],[-51.595,-0.65],[-51.679,-0.785],[-51.704,-1.067],[-51.809,-1.157],[-51.887,-1.166],[-51.925,-1.132],[-51.957,-1.169],[-51.985,-1.121],[-51.988,-1.167],[-52.055,-1.177],[-52.07,-1.236],[-52.11,-1.216],[-52.12,-1.146],[-52.333,-1.116],[-52.358,-1.062],[-52.427,-1.05],[-52.439,-0.935],[-52.403,-0.877],[-52.455,-0.83],[-52.538,-0.854],[-52.497,-0.73],[-52.523,-0.589],[-52.64,-0.585],[-52.702,-0.459],[-52.679,-0.423],[-52.69,-0.303],[-52.851,-0.15],[-52.933,-0.139],[-52.977,0.024],[-53.175,0.382],[-53.153,0.577],[-53.106,0.684],[-53.411,0.93],[-53.459,1.128],[-53.399,1.159],[-53.426,1.243],[-53.536,1.213],[-53.523,1.262],[-53.562,1.307],[-53.538,1.341],[-53.65,1.337],[-53.65,1.409],[-53.666,1.373],[-53.711,1.384],[-53.717,1.432],[-53.732,1.387],[-53.804,1.424],[-53.808,1.392],[-53.85,1.392],[-53.882,1.401],[-53.896,1.455],[-53.935,1.436],[-53.928,1.469],[-53.997,1.476],[-54.009,1.52],[-54.086,1.489],[-54.117,1.558],[-54.102,1.591],[-54.143,1.641],[-54.182,1.658],[-54.191,1.625],[-54.309,1.741],[-54.377,1.764],[-54.508,1.749],[-54.57,1.785],[-54.744,1.776],[-54.753,1.967],[-54.812,2.063],[-54.763,2.203],[-54.811,2.267],[-54.807,2.342],[-54.876,2.427],[-54.743,2.472],[-54.684,2.447],[-54.692,2.362],[-54.662,2.327],[-54.601,2.338],[-54.436,2.21],[-54.189,2.179],[-53.974,2.233],[-53.942,2.243],[-53.935,2.297],[-53.907,2.274],[-53.884,2.316],[-53.816,2.318],[-53.834,2.343],[-53.767,2.379],[-53.723,2.354],[-53.748,2.313],[-53.54,2.258],[-53.458,2.261],[-53.469,2.288],[-53.405,2.298],[-53.338,2.354],[-53.231,2.269],[-53.279,2.224],[-53.267,2.169],[-53.243,2.209],[-53.098,2.216],[-53.04,2.174],[-52.944,2.169],[-52.856,2.275],[-52.672,2.374],[-52.554,2.517],[-52.527,2.577],[-52.557,2.636],[-52.426,2.887],[-52.383,2.911],[-52.401,2.925],[-52.328,3.081],[-52.353,3.129],[-52.333,3.173],[-52.192,3.302],[-51.996,3.627],[-51.971,3.72],[-51.925,3.735],[-51.924,3.784],[-51.802,3.882],[-51.756,3.988],[-51.646,4.045],[-51.549,4.425],[-51.49,4.423],[-51.252,4.192],[-51.182,4.009]]]]}},{"type":"Feature","properties":{"name":"BA","nome":"Bahia"},"geometry":{"type":"MultiPolygon","coordinates":[[[[-39.288,-8.563],[-39.233,-8.705],[-39.169,-8.692],[-39.032,-8.737],[-38.953,-8.803],[-38.798,-8.792],[-38.706,-8.862],[-38.671,-8.974],[-38.624,-8.979],[-38.603,-8.88],[-38.551,-8.822],[-38.47,-8.865],[-38.519,-8.948],[-38.483,-9.001],[-38.408,-9.038],[-38.32,-8.991],[-38.296,-9.022],[-38.318,-9.141],[-38.194,-9.385],[-38.203,-9.418],[-38.079,-9.44],[-37.999,-9.497],[-38.04,-9.602],[-37.987,-9.647],[-38.042,-9.716],[-38.028,-9.776],[-37.966,-9.816],[-37.997,-9.916],[-37.96,-9.97],[-37.831,-10.001],[-37.736,-10.332],[-37.839,-10.379],[-37.859,-10.426],[-37.813,-10.508],[-37.84,-10.549],[-37.814,-10.691],[-37.999,-10.764],[-38.058,-10.708],[-38.212,-10.709],[-38.245,-10.822],[-38.229,-10.915],[-38.176,-10.985],[-38.106,-11.015],[-38.063,-11.163],[-37.974,-11.195],[-38.003,-11.289],[-37.977,-11.393],[-37.866,-11.428],[-37.813,-11.514],[-37.688,-11.566],[-37.651,-11.518],[-37.518,-11.548],[-37.343,-11.443],[-37.622,-11.995],[-38.049,-12.634],[-38.347,-12.95],[-38.489,-13.014],[-38.583,-12.999],[-38.562,-12.92],[-38.616,-12.931],[-38.655,-13.029],[-38.932,-13.217],[-38.965,-13.283],[-38.961,-13.367],[-38.943,-13.395],[-38.906,-13.377],[-38.888,-13.448],[-38.935,-13.559],[-38.888,-13.643],[-38.914,-13.673],[-38.966,-13.67],[-38.998,-13.744],[-38.928,-13.939],[-39.065,-14.705],[-38.998,-14.994],[-38.993,-15.296],[-38.936,-15.656],[-38.856,-15.86],[-38.953,-16.098],[-38.949,-16.156],[-39.017,-16.252],[-39.008,-16.375],[-39.058,-16.427],[-39.107,-16.709],[-39.141,-16.757],[-39.142,-16.865],[-39.112,-16.895],[-39.152,-16.942],[-39.213,-17.168],[-39.194,-17.579],[-39.135,-17.688],[-39.271,-17.871],[-39.443,-17.944],[-39.567,-18.09],[-39.67,-18.349],[-40.222,-17.98],[-40.263,-17.922],[-40.175,-17.852],[-40.224,-17.734],[-40.28,-17.722],[-40.347,-17.614],[-40.354,-17.644],[-40.414,-17.61],[-40.41,-17.568],[-40.46,-17.568],[-40.52,-17.447],[-40.623,-17.406],[-40.599,-17.39],[-40.609,-17.326],[-40.547,-17.283],[-40.571,-17.252],[-40.57,-17.061],[-40.491,-16.884],[-40.407,-16.898],[-40.366,-16.874],[-40.327,-16.909],[-40.281,-16.901],[-40.247,-16.845],[-40.257,-16.806],[-40.345,-16.787],[-40.275,-16.574],[-40.159,-16.58],[-40.171,-16.524],[-40.098,-16.422],[-40.068,-16.458],[-39.99,-16.313],[-39.968,-16.327],[-39.916,-16.283],[-39.935,-16.245],[-39.883,-16.194],[-39.897,-16.141],[-39.856,-16.113],[-39.935,-16.023],[-39.916,-16.0],[-40.004,-16.001],[-40.066,-15.96],[-40.085,-15.897],[-40.17,-15.907],[-40.166,-15.868],[-40.23,-15.803],[-40.376,-15.823],[-40.46,-15.753],[-40.562,-15.803],[-40.699,-15.668],[-40.767,-15.714],[-40.815,-15.648],[-40.881,-15.694],[-40.962,-15.648],[-41.004,-15.712],[-41.077,-15.719],[-41.144,-15.771],[-41.215,-15.737],[-41.331,-15.744],[-41.356,-15.5],[-41.8,-15.101],[-41.871,-15.116],[-41.933,-15.173],[-42.091,-15.186],[-42.173,-15.085],[-42.264,-15.125],[-42.443,-15.06],[-42.436,-15.022],[-42.723,-14.885],[-42.927,-14.744],[-42.938,-14.708],[-43.083,-14.698],[-43.176,-14.65],[-43.434,-14.723],[-43.474,-14.79],[-43.531,-14.815],[-43.58,-14.75],[-43.719,-14.729],[-43.726,-14.698],[-43.883,-14.653],[-43.873,-14.52],[-43.783,-14.339],[-43.942,-14.305],[-43.986,-14.267],[-44.034,-14.288],[-44.112,-14.258],[-44.135,-14.282],[-44.215,-14.233],[-44.247,-14.26],[-44.316,-14.24],[-44.565,-14.34],[-44.701,-14.449],[-44.833,-14.499],[-44.843,-14.58],[-45.039,-14.68],[-45.083,-14.749],[-45.205,-14.744],[-45.455,-14.953],[-45.566,-14.944],[-45.721,-15.112],[-45.825,-15.116],[-45.873,-15.157],[-45.953,-15.139],[-46.077,-15.264],[-46.119,-15.192],[-46.049,-15.166],[-45.966,-14.965],[-46.052,-14.831],[-46.008,-14.793],[-46.002,-14.713],[-46.028,-14.682],[-45.989,-14.659],[-45.977,-14.538],[-46.016,-14.419],[-45.935,-14.415],[-45.907,-14.353],[-45.996,-14.257],[-46.061,-14.232],[-46.063,-14.193],[-46.096,-14.205],[-46.118,-14.16],[-46.265,-14.098],[-46.21,-14.012],[-46.268,-13.943],[-46.234,-13.849],[-46.282,-13.796],[-46.223,-13.769],[-46.266,-13.74],[-46.236,-13.708],[-46.26,-13.687],[-46.162,-13.59],[-46.235,-13.562],[-46.205,-13.465],[-46.242,-13.429],[-46.133,-13.375],[-46.041,-13.28],[-46.063,-13.261],[-46.265,-13.348],[-46.315,-13.303],[-46.298,-13.253],[-46.331,-13.249],[-46.292,-13.147],[-46.322,-13.098],[-46.273,-13.015],[-46.125,-12.961],[-46.114,-12.918],[-46.304,-12.949],[-46.262,-12.831],[-46.264,-12.717],[-46.293,-12.692],[-46.256,-12.656],[-46.29,-12.631],[-46.28,-12.584],[-46.255,-12.547],[-46.16,-12.528],[-46.154,-12.483],[-46.254,-12.493],[-46.256,-12.424],[-46.301,-12.415],[-46.285,-12.379],[-46.352,-12.337],[-46.324,-12.302],[-46.375,-12.286],[-46.36,-12.225],[-46.389,-12.166],[-46.366,-12.111],[-46.397,-12.04],[-46.325,-11.958],[-46.171,-11.901],[-46.318,-11.898],[-46.374,-11.868],[-46.322,-11.77],[-46.373,-11.751],[-46.295,-11.694],[-46.315,-11.632],[-46.154,-11.657],[-46.083,-11.636],[-46.313,-11.539],[-46.479,-11.516],[-46.617,-11.289],[-46.609,-11.256],[-46.472,-11.191],[-46.399,-10.994],[-46.283,-10.906],[-46.29,-10.847],[-46.229,-10.794],[-46.251,-10.757],[-46.192,-10.719],[-46.211,-10.649],[-46.066,-10.603],[-46.025,-10.542],[-45.827,-10.436],[-45.824,-10.366],[-45.738,-10.342],[-45.697,-10.263],[-45.699,-10.166],[-45.722,-10.155],[-45.603,-10.108],[-45.396,-10.446],[-45.447,-10.507],[-45.436,-10.619],[-45.248,-10.822],[-45.073,-10.84],[-44.931,-10.928],[-44.845,-10.899],[-44.751,-10.782],[-44.667,-10.76],[-44.667,-10.686],[-44.577,-10.626],[-44.502,-10.649],[-44.335,-10.549],[-44.264,-10.624],[-44.134,-10.636],[-44.073,-10.58],[-44.029,-10.416],[-43.917,-10.424],[-43.779,-10.18],[-43.766,-10.08],[-43.693,-10.077],[-43.662,-10.004],[-43.709,-9.913],[-43.653,-9.839],[-43.785,-9.762],[-43.849,-9.548],[-43.769,-9.442],[-43.686,-9.418],[-43.485,-9.265],[-43.427,-9.272],[-43.278,-9.424],[-43.218,-9.4],[-43.191,-9.42],[-43.12,-9.372],[-43.057,-9.417],[-42.971,-9.408],[-42.946,-9.518],[-42.871,-9.564],[-42.837,-9.55],[-42.82,-9.619],[-42.765,-9.616],[-42.72,-9.531],[-42.621,-9.541],[-42.586,-9.496],[-42.492,-9.493],[-42.319,-9.32],[-42.243,-9.289],[-42.021,-9.25],[-41.918,-9.278],[-41.838,-9.242],[-41.8,-9.148],[-41.735,-9.094],[-41.723,-9.013],[-41.605,-8.957],[-41.544,-8.96],[-41.382,-8.708],[-41.281,-8.736],[-41.227,-8.704],[-41.113,-8.704],[-41.124,-8.752],[-41.036,-8.785],[-41.021,-8.843],[-40.921,-8.835],[-40.804,-9.098],[-40.667,-9.159],[-40.686,-9.276],[-40.755,-9.313],[-40.742,-9.4],[-40.776,-9.454],[-40.623,-9.482],[-40.529,-9.414],[-40.468,-9.42],[-40.421,-9.352],[-40.371,-9.378],[-40.335,-9.353],[-40.25,-9.06],[-40.128,-9.109],[-40.065,-9.063],[-39.958,-9.048],[-39.874,-8.931],[-39.894,-8.831],[-39.674,-8.787],[-39.691,-8.662],[-39.607,-8.656],[-39.408,-8.538],[-39.288,-8.563]],[[-39.576153,-18.088199],[-39.57204,-18.091149],[-39.572874,-18.083573],[-39.573559,-18.080663],[-39.581198,-18.082542],[-39.576153,-18.088199]]]]}},{"type":"Feature","properties":{"name":"CE","nome":"Ceará"},"geometry":{"type":"MultiPolygon","coordinates":[[[[-40.018,-2.837],[-39.619,-3.026],[-39.589,-3.07],[-39.384,-3.184],[-39.252,-3.222],[-39.083,-3.393],[-38.995,-3.397],[-38.909,-3.504],[-38.812,-3.541],[-38.667,-3.674],[-38.499,-3.725],[-38.472,-3.707],[-38.364,-3.881],[-38.271,-3.946],[-38.013,-4.246],[-37.851,-4.379],[-37.77,-4.401],[-37.729,-4.497],[-37.593,-4.625],[-37.499,-4.626],[-37.325,-4.701],[-37.252,-4.832],[-37.64,-4.926],[-37.677,-5.053],[-37.724,-5.069],[-37.765,-5.139],[-37.783,-5.294],[-37.847,-5.34],[-37.902,-5.497],[-38.082,-5.672],[-38.089,-5.728],[-38.047,-5.73],[-38.164,-5.946],[-38.304,-6.087],[-38.346,-6.067],[-38.365,-6.088],[-38.383,-6.053],[-38.447,-6.085],[-38.578,-6.28],[-38.564,-6.356],[-38.602,-6.389],[-38.518,-6.408],[-38.612,-6.513],[-38.673,-6.697],[-38.614,-6.783],[-38.675,-6.861],[-38.765,-6.911],[-38.743,-6.975],[-38.765,-6.994],[-38.669,-7.047],[-38.687,-7.19],[-38.626,-7.191],[-38.595,-7.246],[-38.551,-7.243],[-38.534,-7.293],[-38.585,-7.434],[-38.645,-7.46],[-38.655,-7.565],[-38.711,-7.586],[-38.742,-7.66],[-38.819,-7.664],[-38.822,-7.714],[-38.939,-7.758],[-38.966,-7.845],[-39.017,-7.814],[-39.091,-7.858],[-39.135,-7.723],[-39.208,-7.689],[-39.252,-7.705],[-39.272,-7.66],[-39.307,-7.665],[-39.278,-7.607],[-39.317,-7.541],[-39.662,-7.31],[-39.915,-7.338],[-39.961,-7.389],[-40.246,-7.433],[-40.319,-7.374],[-40.548,-7.392],[-40.489,-7.118],[-40.406,-7.005],[-40.429,-6.994],[-40.428,-6.864],[-40.37,-6.803],[-40.432,-6.813],[-40.476,-6.734],[-40.732,-6.654],[-40.722,-6.617],[-40.792,-6.512],[-40.781,-6.324],[-40.852,-6.224],[-40.873,-6.056],[-40.907,-6.041],[-40.874,-5.974],[-40.938,-5.673],[-40.901,-5.615],[-40.942,-5.42],[-40.911,-5.407],[-40.936,-5.366],[-40.925,-5.181],[-41.131,-5.048],[-41.137,-4.985],[-41.22,-4.937],[-41.249,-4.869],[-41.208,-4.776],[-41.25,-4.756],[-41.174,-4.667],[-41.242,-4.571],[-41.19,-4.515],[-41.12,-4.33],[-41.136,-4.233],[-41.091,-4.17],[-41.143,-4.124],[-41.114,-4.04],[-41.254,-4.035],[-41.22,-3.941],[-41.276,-3.825],[-41.3,-3.826],[-41.239,-3.712],[-41.341,-3.68],[-41.331,-3.624],[-41.37,-3.567],[-41.299,-3.491],[-41.328,-3.488],[-41.348,-3.414],[-41.423,-3.368],[-41.319,-3.145],[-41.256,-3.088],[-41.257,-3.004],[-41.322,-2.921],[-41.258,-2.884],[-41.101,-2.901],[-40.592,-2.843],[-40.499,-2.784],[-40.018,-2.837]]],[[[-40.024638,-2.834113],[-40.018043,-2.836985],[-40.027137,-2.835738],[-40.024638,-2.834113]]]]}},{"type":"Feature","properties":{"name":"ES","nome":"Espírito Santo"},"geometry":{"type":"MultiPolygon","coordinates":[[[[-40.724,-20.842],[-40.804,-20.943],[-40.856,-21.128],[-40.953,-21.237],[-40.957,-21.303],[-41.092,-21.218],[-41.277,-21.24],[-41.718,-21.123],[-41.736,-20.928],[-41.712,-20.871],[-41.741,-20.871],[-41.755,-20.807],[-41.879,-20.76],[-41.808,-20.644],[-41.856,-20.614],[-41.804,-20.544],[-41.799,-20.477],[-41.803,-20.422],[-41.858,-20.372],[-41.847,-20.329],[-41.781,-20.292],[-41.756,-20.206],[-41.382,-20.188],[-41.308,-19.948],[-41.184,-19.888],[-41.168,-19.672],[-41.036,-19.568],[-41.045,-19.487],[-40.972,-19.505],[-40.949,-19.473],[-40.967,-19.427],[-40.907,-19.308],[-40.944,-19.279],[-40.917,-19.256],[-40.944,-19.144],[-41.065,-19.051],[-41.066,-19.006],[-41.018,-18.973],[-41.103,-18.934],[-41.166,-18.858],[-41.214,-18.877],[-41.242,-18.854],[-41.232,-18.797],[-41.134,-18.796],[-41.097,-18.842],[-40.917,-18.815],[-40.943,-18.687],[-41.053,-18.628],[-41.024,-18.457],[-41.182,-18.439],[-41.144,-18.406],[-41.158,-18.308],[-41.056,-18.166],[-40.989,-18.17],[-40.893,-18.107],[-40.849,-18.147],[-40.771,-18.155],[-40.773,-18.107],[-40.902,-17.987],[-40.882,-17.97],[-40.863,-17.988],[-40.808,-17.952],[-40.772,-18.002],[-40.704,-18.023],[-40.527,-17.891],[-40.222,-17.98],[-39.666,-18.332],[-39.728,-18.5],[-39.75,-18.841],[-39.689,-19.306],[-39.807,-19.648],[-39.983,-19.739],[-40.139,-19.949],[-40.159,-20.038],[-40.19,-20.056],[-40.171,-20.109],[-40.197,-20.216],[-40.237,-20.289],[-40.258,-20.267],[-40.292,-20.288],[-40.27,-20.33],[-40.424,-20.635],[-40.461,-20.623],[-40.627,-20.841],[-40.645,-20.786],[-40.724,-20.842]],[[-40.526619,-20.655179],[-40.528092,-20.668621],[-40.523256,-20.666099],[-40.517307,-20.664966],[-40.512014,-20.667384],[-40.507857,-20.669284],[-40.504742,-20.670503],[-40.502926,-20.666225],[-40.514532,-20.663367],[-40.520021,-20.662029],[-40.524447,-20.663454],[-40.526619,-20.655179]],[[-40.536145,-20.685265],[-40.525337,-20.689225],[-40.519806,-20.690528],[-40.516552,-20.685316],[-40.520886,-20.684746],[-40.530399,-20.684513],[-40.529711,-20.677003],[-40.535424,-20.67519],[-40.540506,-20.674362],[-40.539057,-20.677758],[-40.532008,-20.679175],[-40.534519,-20.682361],[-40.536145,-20.685265]]],[[[-40.474992,-20.660832],[-40.472407,-20.654176],[-40.464705,-20.652118],[-40.465894,-20.655379],[-40.46751,-20.659813],[-40.471124,-20.660466],[-40.474992,-20.660832]]],[[[-40.724437,-20.846641],[-40.723829,-20.841778],[-40.718565,-20.845484],[-40.724437,-20.846641]]]]}},{"type":"Feature","properties":{"name":"GO","nome":"Goiás"},"geometry":{"type":"MultiPolygon","coordinates":[[[[-50.158,-12.412],[-50.229,-12.532],[-50.193,-12.564],[-50.234,-12.577],[-50.266,-12.682],[-50.3,-12.68],[-50.292,-12.839],[-49.913,-12.966],[-49.369,-13.274],[-49.342,-13.255],[-49.337,-13.066],[-49.237,-12.884],[-49.119,-12.79],[-49.106,-12.836],[-49.067,-12.847],[-49.078,-12.903],[-49.024,-12.906],[-48.975,-12.957],[-48.874,-12.807],[-48.846,-12.809],[-48.842,-12.844],[-48.736,-12.921],[-48.73,-12.989],[-48.674,-12.995],[-48.602,-13.06],[-48.586,-13.317],[-48.553,-13.302],[-48.554,-13.205],[-48.508,-13.128],[-48.472,-13.142],[-48.475,-13.235],[-48.441,-13.292],[-48.173,-13.148],[-48.145,-13.153],[-48.165,-13.305],[-48.083,-13.288],[-48.062,-13.235],[-47.966,-13.315],[-47.935,-13.29],[-47.824,-13.311],[-47.679,-13.467],[-47.622,-13.367],[-47.65,-13.351],[-47.64,-13.263],[-47.668,-13.209],[-47.634,-13.104],[-47.561,-13.124],[-47.563,-13.184],[-47.478,-13.185],[-47.487,-13.22],[-47.435,-13.227],[-47.454,-13.249],[-47.427,-13.289],[-47.377,-13.23],[-47.282,-13.264],[-47.229,-13.194],[-47.153,-13.21],[-47.132,-13.178],[-46.978,-13.131],[-46.75,-12.969],[-46.454,-12.971],[-46.417,-12.823],[-46.366,-12.864],[-46.363,-12.991],[-46.114,-12.918],[-46.125,-12.961],[-46.273,-13.015],[-46.322,-13.098],[-46.292,-13.147],[-46.331,-13.249],[-46.298,-13.253],[-46.315,-13.303],[-46.279,-13.347],[-46.063,-13.261],[-46.041,-13.28],[-46.133,-13.375],[-46.242,-13.429],[-46.205,-13.465],[-46.235,-13.562],[-46.162,-13.59],[-46.26,-13.687],[-46.236,-13.708],[-46.266,-13.74],[-46.223,-13.769],[-46.282,-13.796],[-46.234,-13.849],[-46.268,-13.943],[-46.21,-14.012],[-46.265,-14.098],[-46.118,-14.16],[-46.096,-14.205],[-46.063,-14.193],[-46.061,-14.232],[-45.996,-14.257],[-45.907,-14.353],[-45.935,-14.415],[-46.016,-14.419],[-45.977,-14.538],[-45.989,-14.659],[-46.028,-14.682],[-46.002,-14.713],[-46.008,-14.793],[-46.052,-14.831],[-46.037,-14.874],[-46.088,-14.936],[-46.161,-14.906],[-46.176,-14.949],[-46.286,-14.928],[-46.319,-14.9],[-46.3,-14.858],[-46.322,-14.814],[-46.503,-14.704],[-46.565,-14.786],[-46.521,-14.851],[-46.546,-14.925],[-46.502,-15.052],[-46.625,-15.089],[-46.856,-15.01],[-46.924,-15.058],[-46.889,-15.111],[-46.94,-15.229],[-46.927,-15.255],[-46.892,-15.235],[-46.889,-15.282],[-46.836,-15.322],[-46.869,-15.361],[-46.849,-15.373],[-46.93,-15.443],[-46.949,-15.554],[-46.854,-15.62],[-46.812,-15.885],[-47.087,-15.96],[-47.142,-15.926],[-47.219,-16.014],[-47.276,-16.006],[-47.319,-16.036],[-47.375,-15.986],[-47.376,-15.88],[-47.314,-15.747],[-47.315,-15.594],[-47.417,-15.546],[-47.417,-15.5],[-48.197,-15.501],[-48.2,-15.621],[-48.233,-15.639],[-48.24,-15.707],[-48.206,-15.741],[-48.287,-15.843],[-48.252,-15.943],[-48.279,-16.051],[-47.304,-16.06],[-47.352,-16.132],[-47.322,-16.231],[-47.427,-16.394],[-47.458,-16.502],[-47.412,-16.575],[-47.318,-16.603],[-47.25,-16.666],[-47.193,-16.825],[-47.196,-16.909],[-47.126,-16.98],[-47.182,-17.063],[-47.352,-17.166],[-47.362,-17.222],[-47.434,-17.276],[-47.44,-17.347],[-47.511,-17.331],[-47.541,-17.454],[-47.492,-17.526],[-47.33,-17.524],[-47.266,-17.609],[-47.27,-17.674],[-47.313,-17.699],[-47.373,-17.829],[-47.283,-18.058],[-47.357,-18.085],[-47.533,-18.23],[-47.538,-18.195],[-47.567,-18.203],[-47.638,-18.287],[-47.626,-18.334],[-47.657,-18.327],[-47.702,-18.379],[-47.74,-18.363],[-47.747,-18.411],[-47.809,-18.4],[-47.831,-18.449],[-47.954,-18.5],[-47.98,-18.442],[-48.006,-18.454],[-48.055,-18.413],[-48.114,-18.426],[-48.161,-18.372],[-48.262,-18.331],[-48.313,-18.384],[-48.405,-18.356],[-48.479,-18.379],[-48.561,-18.323],[-48.755,-18.344],[-48.816,-18.379],[-48.832,-18.346],[-48.936,-18.306],[-49.077,-18.416],[-49.108,-18.383],[-49.205,-18.411],[-49.193,-18.447],[-49.249,-18.522],[-49.33,-18.565],[-49.378,-18.642],[-49.416,-18.638],[-49.481,-18.561],[-49.492,-18.496],[-49.535,-18.493],[-49.558,-18.546],[-49.648,-18.558],[-49.64,-18.6],[-49.77,-18.612],[-49.783,-18.641],[-50.016,-18.599],[-50.08,-18.672],[-50.309,-18.698],[-50.441,-18.89],[-50.509,-18.937],[-50.498,-19.034],[-50.537,-19.099],[-50.585,-19.137],[-50.677,-19.139],[-50.68,-19.173],[-50.733,-19.185],[-50.747,-19.235],[-50.817,-19.289],[-50.875,-19.422],[-50.824,-19.475],[-50.842,-19.499],[-51.03,-19.401],[-51.018,-19.383],[-51.087,-19.308],[-51.203,-19.261],[-51.252,-19.274],[-51.42,-19.166],[-51.657,-19.137],[-51.854,-19.051],[-51.94,-18.967],[-52.015,-18.982],[-52.081,-18.95],[-52.181,-18.847],[-52.334,-18.828],[-52.449,-18.691],[-52.553,-18.657],[-52.592,-18.689],[-52.749,-18.69],[-52.916,-18.639],[-52.962,-18.54],[-52.873,-18.428],[-52.798,-18.414],[-52.758,-18.348],[-52.949,-18.296],[-53.029,-18.351],[-53.101,-18.31],[-53.143,-18.081],[-53.075,-18.05],[-53.07,-17.986],[-53.131,-17.916],[-53.168,-17.766],[-53.238,-17.714],[-53.246,-17.532],[-53.197,-17.381],[-53.218,-17.299],[-53.119,-17.113],[-53.056,-17.07],[-53.055,-16.963],[-53.011,-16.858],[-52.95,-16.86],[-52.932,-16.802],[-52.785,-16.741],[-52.746,-16.63],[-52.715,-16.639],[-52.739,-16.589],[-52.675,-16.585],[-52.626,-16.533],[-52.637,-16.502],[-52.604,-16.464],[-52.688,-16.396],[-52.681,-16.303],[-52.547,-16.261],[-52.569,-16.23],[-52.525,-16.14],[-52.327,-16.068],[-52.252,-15.893],[-52.008,-15.885],[-51.946,-15.81],[-51.879,-15.825],[-51.762,-15.645],[-51.776,-15.537],[-51.727,-15.55],[-51.735,-15.51],[-51.699,-15.484],[-51.652,-15.179],[-51.535,-15.069],[-51.337,-14.973],[-51.301,-14.986],[-51.29,-15.034],[-51.242,-15.035],[-51.086,-14.917],[-51.089,-14.841],[-51.044,-14.793],[-51.053,-14.746],[-50.962,-14.527],[-50.999,-14.419],[-50.975,-14.29],[-50.913,-14.169],[-50.917,-14.114],[-50.869,-14.125],[-50.833,-14.089],[-50.865,-13.98],[-50.841,-13.862],[-50.871,-13.733],[-50.803,-13.691],[-50.763,-13.53],[-50.665,-13.442],[-50.665,-13.376],[-50.607,-13.31],[-50.584,-13.223],[-50.61,-13.063],[-50.569,-13.039],[-50.593,-13.002],[-50.525,-12.976],[-50.478,-12.71],[-50.435,-12.694],[-50.44,-12.653],[-50.365,-12.546],[-50.142,-12.396],[-50.158,-12.412]]]]}},{"type":"Feature","properties":{"name":"MA","nome":"Maranhão"},"geometry":{"type":"MultiPolygon","coordinates":[[[[-47.031,-8.985],[-46.97,-8.914],[-46.992,-8.879],[-46.913,-8.847],[-46.931,-8.726],[-46.887,-8.686],[-46.916,-8.595],[-46.847,-8.533],[-46.85,-8.477],[-46.796,-8.446],[-46.806,-8.399],[-46.635,-8.319],[-46.544,-8.319],[-46.507,-8.27],[-46.487,-8.2],[-46.514,-8.167],[-46.466,-8.066],[-46.492,-7.981],[-46.604,-7.896],[-46.872,-7.955],[-46.997,-8.067],[-47.043,-8.053],[-47.174,-7.856],[-47.244,-7.815],[-47.246,-7.758],[-47.313,-7.73],[-47.302,-7.689],[-47.337,-7.667],[-47.314,-7.66],[-47.358,-7.617],[-47.352,-7.646],[-47.381,-7.654],[-47.382,-7.6],[-47.438,-7.556],[-47.427,-7.525],[-47.475,-7.533],[-47.504,-7.436],[-47.59,-7.439],[-47.485,-7.367],[-47.499,-7.293],[-47.589,-7.264],[-47.648,-7.303],[-47.746,-7.201],[-47.716,-7.141],[-47.644,-7.143],[-47.529,-6.976],[-47.498,-6.671],[-47.416,-6.485],[-47.431,-6.425],[-47.378,-6.27],[-47.431,-6.12],[-47.431,-5.869],[-47.493,-5.73],[-47.473,-5.662],[-47.5,-5.525],[-47.555,-5.465],[-47.618,-5.459],[-47.742,-5.381],[-47.843,-5.376],[-47.885,-5.26],[-48.006,-5.235],[-48.079,-5.275],[-48.178,-5.26],[-48.363,-5.168],[-48.539,-5.205],[-48.606,-5.336],[-48.679,-5.305],[-48.713,-5.352],[-48.755,-5.349],[-47.789,-4.585],[-47.68,-4.608],[-47.611,-4.556],[-47.473,-4.314],[-47.372,-4.244],[-47.318,-4.047],[-47.193,-3.978],[-47.088,-3.855],[-47.037,-3.563],[-46.948,-3.477],[-46.942,-3.375],[-46.813,-3.309],[-46.807,-3.241],[-46.756,-3.216],[-46.773,-3.175],[-46.723,-3.151],[-46.747,-3.121],[-46.71,-3.128],[-46.679,-3.093],[-46.648,-2.971],[-46.679,-2.881],[-46.64,-2.881],[-46.614,-2.829],[-46.575,-2.841],[-46.602,-2.789],[-46.636,-2.793],[-46.664,-2.694],[-46.621,-2.644],[-46.593,-2.665],[-46.574,-2.628],[-46.505,-2.615],[-46.492,-2.535],[-46.416,-2.529],[-46.44,-2.412],[-46.408,-2.37],[-46.464,-2.371],[-46.421,-2.289],[-46.432,-2.239],[-46.376,-2.247],[-46.28,-2.153],[-46.218,-1.913],[-46.242,-1.881],[-46.21,-1.833],[-46.229,-1.8],[-46.307,-1.804],[-46.324,-1.765],[-46.305,-1.727],[-46.218,-1.727],[-46.153,-1.676],[-46.132,-1.578],[-46.176,-1.475],[-46.104,-1.337],[-46.162,-1.278],[-46.151,-1.224],[-46.077,-1.196],[-46.056,-1.131],[-46.04,-1.173],[-46.015,-1.065],[-45.999,-1.089],[-45.965,-1.046],[-45.958,-1.085],[-45.988,-1.09],[-45.952,-1.123],[-45.994,-1.162],[-45.942,-1.138],[-45.948,-1.238],[-45.846,-1.045],[-45.839,-1.101],[-45.908,-1.176],[-45.861,-1.151],[-45.865,-1.202],[-45.904,-1.223],[-45.847,-1.209],[-45.88,-1.26],[-45.857,-1.253],[-45.86,-1.284],[-45.831,-1.193],[-45.812,-1.218],[-45.814,-1.166],[-45.788,-1.167],[-45.795,-1.222],[-45.839,-1.284],[-45.801,-1.25],[-45.776,-1.275],[-45.736,-1.134],[-45.68,-1.138],[-45.746,-1.237],[-45.695,-1.268],[-45.73,-1.346],[-45.698,-1.313],[-45.678,-1.344],[-45.739,-1.382],[-45.7,-1.358],[-45.719,-1.404],[-45.686,-1.397],[-45.693,-1.37],[-45.629,-1.365],[-45.614,-1.278],[-45.58,-1.257],[-45.588,-1.307],[-45.527,-1.267],[-45.551,-1.351],[-45.501,-1.294],[-45.519,-1.412],[-45.465,-1.319],[-45.41,-1.289],[-45.41,-1.343],[-45.467,-1.373],[-45.488,-1.431],[-45.45,-1.517],[-45.487,-1.53],[-45.443,-1.543],[-45.448,-1.449],[-45.416,-1.415],[-45.405,-1.487],[-45.402,-1.422],[-45.347,-1.393],[-45.371,-1.363],[-45.349,-1.342],[-45.329,-1.361],[-45.355,-1.314],[-45.317,-1.318],[-45.293,-1.421],[-45.315,-1.411],[-45.313,-1.44],[-45.388,-1.481],[-45.379,-1.514],[-45.384,-1.485],[-45.345,-1.47],[-45.374,-1.549],[-45.337,-1.475],[-45.327,-1.517],[-45.322,-1.473],[-45.298,-1.494],[-45.375,-1.677],[-45.352,-1.736],[-45.309,-1.6],[-45.248,-1.622],[-45.234,-1.549],[-45.143,-1.463],[-45.129,-1.529],[-45.101,-1.36],[-45.098,-1.512],[-45.066,-1.455],[-45.078,-1.518],[-45.054,-1.478],[-44.958,-1.515],[-44.945,-1.476],[-44.943,-1.517],[-44.864,-1.421],[-44.816,-1.418],[-44.828,-1.488],[-44.84,-1.458],[-44.846,-1.488],[-44.879,-1.482],[-44.852,-1.492],[-44.907,-1.548],[-44.898,-1.613],[-44.845,-1.624],[-44.821,-1.575],[-44.777,-1.624],[-44.798,-1.659],[-44.772,-1.631],[-44.784,-1.582],[-44.759,-1.562],[-44.757,-1.626],[-44.698,-1.553],[-44.719,-1.612],[-44.678,-1.564],[-44.642,-1.624],[-44.657,-1.666],[-44.7,-1.641],[-44.784,-1.671],[-44.773,-1.692],[-44.804,-1.704],[-44.755,-1.735],[-44.787,-1.75],[-44.755,-1.743],[-44.772,-1.711],[-44.697,-1.738],[-44.814,-1.815],[-44.716,-1.782],[-44.759,-1.818],[-44.71,-1.802],[-44.66,-1.743],[-44.674,-1.801],[-44.647,-1.764],[-44.648,-1.791],[-44.655,-1.721],[-44.593,-1.744],[-44.636,-1.795],[-44.596,-1.85],[-44.639,-1.857],[-44.583,-1.859],[-44.57,-1.797],[-44.579,-1.859],[-44.545,-1.821],[-44.529,-1.838],[-44.599,-1.897],[-44.528,-1.909],[-44.523,-1.882],[-44.487,-1.945],[-44.487,-1.967],[-44.519,-1.954],[-44.466,-2.016],[-44.5,-2.053],[-44.499,-2.141],[-44.396,-2.213],[-44.414,-2.228],[-44.393,-2.223],[-44.356,-2.339],[-44.412,-2.413],[-44.326,-2.5],[-44.022,-2.398],[-44.022,-2.45],[-44.072,-2.436],[-44.101,-2.464],[-43.958,-2.482],[-44.0,-2.578],[-43.98,-2.573],[-43.857,-2.389],[-43.788,-2.342],[-43.747,-2.373],[-43.728,-2.288],[-43.615,-2.219],[-43.565,-2.247],[-43.492,-2.371],[-43.38,-2.325],[-43.185,-2.373],[-42.793,-2.56],[-42.744,-2.557],[-42.699,-2.591],[-42.695,-2.648],[-42.693,-2.586],[-42.741,-2.556],[-42.71,-2.557],[-42.598,-2.66],[-42.479,-2.712],[-42.484,-2.692],[-42.368,-2.71],[-42.228,-2.667],[-42.212,-2.701],[-42.05,-2.689],[-42.024,-2.758],[-42.006,-2.715],[-41.823,-2.719],[-41.865,-2.875],[-41.796,-2.966],[-41.922,-3.108],[-41.939,-3.187],[-41.964,-3.179],[-42.01,-3.246],[-42.115,-3.262],[-42.132,-3.29],[-42.1,-3.311],[-42.204,-3.435],[-42.33,-3.434],[-42.458,-3.485],[-42.498,-3.447],[-42.675,-3.675],[-42.668,-3.791],[-42.726,-3.91],[-42.823,-3.992],[-42.903,-4.124],[-42.888,-4.155],[-42.936,-4.161],[-42.989,-4.234],[-42.963,-4.376],[-42.887,-4.411],[-42.85,-4.481],[-42.874,-4.582],[-42.954,-4.689],[-42.92,-4.736],[-42.949,-4.79],[-42.854,-4.937],[-42.798,-5.183],[-42.827,-5.233],[-42.826,-5.347],[-42.962,-5.446],[-43.034,-5.592],[-43.099,-5.633],[-43.077,-5.865],[-43.099,-5.901],[-43.049,-5.993],[-43.075,-6.054],[-42.982,-6.129],[-42.968,-6.178],[-42.867,-6.234],[-42.86,-6.33],[-42.829,-6.337],[-42.877,-6.417],[-42.871,-6.512],[-42.919,-6.67],[-43.001,-6.754],[-43.082,-6.748],[-43.146,-6.783],[-43.244,-6.766],[-43.42,-6.843],[-43.482,-6.835],[-43.56,-6.75],[-43.716,-6.699],[-43.795,-6.703],[-43.928,-6.771],[-43.961,-6.742],[-44.033,-6.76],[-44.069,-6.821],[-44.114,-6.805],[-44.103,-6.853],[-44.119,-6.832],[-44.262,-6.998],[-44.306,-7.117],[-44.38,-7.119],[-44.564,-7.227],[-44.688,-7.394],[-44.816,-7.361],[-44.924,-7.47],[-45.339,-7.58],[-45.456,-7.67],[-45.54,-7.864],[-45.523,-7.912],[-45.576,-8.029],[-45.581,-8.156],[-45.661,-8.25],[-45.761,-8.561],[-45.793,-8.584],[-45.765,-8.609],[-45.815,-8.633],[-45.84,-8.715],[-45.935,-8.779],[-45.994,-8.926],[-45.897,-9.186],[-45.893,-9.342],[-45.824,-9.375],[-45.783,-9.48],[-45.841,-9.562],[-45.821,-9.773],[-45.866,-9.87],[-45.842,-9.941],[-45.878,-10.11],[-45.955,-10.218],[-45.946,-10.258],[-46.003,-10.261],[-46.028,-10.176],[-46.164,-10.212],[-46.21,-10.169],[-46.367,-10.168],[-46.456,-10.049],[-46.493,-9.827],[-46.512,-9.799],[-46.577,-9.805],[-46.576,-9.758],[-46.647,-9.73],[-46.591,-9.587],[-46.537,-9.557],[-46.575,-9.517],[-46.561,-9.484],[-46.627,-9.465],[-46.632,-9.411],[-46.666,-9.392],[-46.763,-9.409],[-46.768,-9.365],[-46.847,-9.292],[-46.822,-9.199],[-46.894,-9.123],[-46.926,-9.135],[-46.922,-9.066],[-47.068,-9.063],[-47.043,-9.026],[-47.068,-9.012],[-47.031,-8.985]],[[-44.813378,-1.802112],[-44.807013,-1.806953],[-44.810086,-1.801529],[-44.813378,-1.802112]],[[-44.569338,-1.919747],[-44.561008,-1.922738],[-44.566296,-1.917726],[-44.569338,-1.919747]],[[-45.74672,-1.37203],[-45.753933,-1.3783],[-45.744017,-1.374396],[-45.74672,-1.37203]],[[-45.887523,-1.18035],[-45.884711,-1.183372],[-45.877871,-1.178064],[-45.887523,-1.18035]],[[-45.822442,-1.310566],[-45.819922,-1.312316],[-45.819586,-1.303603],[-45.819364,-1.297861],[-45.820304,-1.30174],[-45.822442,-1.310566]],[[-44.693307,-1.816271],[-44.687702,-1.807552],[-44.692319,-1.807529],[-44.693307,-1.816271]],[[-45.389812,-1.68975],[-45.396502,-1.693982],[-45.387998,-1.69234],[-45.387416,-1.679941],[-45.389812,-1.68975]],[[-44.800955,-1.626302],[-44.794239,-1.625919],[-44.790448,-1.618091],[-44.800955,-1.626302]],[[-45.127825,-1.543968],[-45.12258,-1.546307],[-45.112674,-1.544013],[-45.115443,-1.541941],[-45.12258,-1.546307],[-45.12391,-1.543291],[-45.126759,-1.539613],[-45.127825,-1.543968]],[[-45.822986,-1.248629],[-45.813911,-1.227213],[-45.822537,-1.241371],[-45.822986,-1.248629]],[[-45.575672,-1.335734],[-45.572389,-1.339989],[-45.570679,-1.329556],[-45.573574,-1.329346],[-45.575672,-1.335734]],[[-45.7995,-1.331501],[-45.802308,-1.338317],[-45.80076,-1.344098],[-45.798266,-1.333105],[-45.795946,-1.322872],[-45.7995,-1.331501]],[[-44.834212,-1.822641],[-44.845667,-1.82836],[-44.82021,-1.822201],[-44.834212,-1.822641]],[[-45.36857,-1.43638],[-45.367129,-1.424802],[-45.36001,-1.427781],[-45.361591,-1.424943],[-45.367129,-1.424802],[-45.377492,-1.421933],[-45.37052,-1.426192],[-45.36857,-1.43638]],[[-45.905415,-1.240259],[-45.902308,-1.242535],[-45.904551,-1.246027],[-45.906619,-1.249699],[-45.905437,-1.252994],[-45.904126,-1.256649],[-45.903055,-1.259635],[-45.900636,-1.257656],[-45.903726,-1.250276],[-45.902308,-1.242535],[-45.897039,-1.23946],[-45.905415,-1.240259]],[[-45.594841,-1.339187],[-45.587376,-1.332039],[-45.584576,-1.324918],[-45.588166,-1.311739],[-45.588897,-1.323332],[-45.588706,-1.328217],[-45.594841,-1.339187]],[[-45.392395,-1.564463],[-45.388676,-1.541398],[-45.379399,-1.539821],[-45.383801,-1.537106],[-45.388676,-1.541398],[-45.391721,-1.543029],[-45.393804,-1.555044],[-45.39563,-1.56222],[-45.399236,-1.566535],[-45.39837,-1.574532],[-45.392395,-1.564463]]],[[[-44.971,-1.344],[-44.942,-1.342],[-44.985,-1.303],[-44.963,-1.278],[-44.923,-1.304],[-44.926,-1.278],[-44.882,-1.285],[-44.842,-1.334],[-44.875,-1.355],[-44.87,-1.326],[-44.901,-1.331],[-44.887,-1.346],[-44.983,-1.409],[-45.012,-1.387],[-45.001,-1.341],[-45.028,-1.339],[-44.971,-1.335],[-44.976,-1.37],[-44.971,-1.344]],[[-44.924278,-1.339253],[-44.924183,-1.345755],[-44.92188,-1.34317],[-44.924278,-1.339253]],[[-44.909326,-1.325444],[-44.899114,-1.315602],[-44.899988,-1.311822],[-44.903256,-1.312256],[-44.907787,-1.310718],[-44.905049,-1.304287],[-44.915723,-1.303713],[-44.90891,-1.305953],[-44.907787,-1.310718],[-44.907648,-1.313698],[-44.903256,-1.312256],[-44.910843,-1.322584],[-44.909326,-1.325444],[-44.909727,-1.329004],[-44.905038,-1.329454],[-44.909326,-1.325444]]],[[[-45.678,-1.3],[-45.684,-1.269],[-45.638,-1.275],[-45.616,-1.116],[-45.641,-1.356],[-45.696,-1.362],[-45.678,-1.3]],[[-45.659412,-1.296955],[-45.657569,-1.301196],[-45.654566,-1.308106],[-45.653286,-1.31105],[-45.651168,-1.30863],[-45.658271,-1.291052],[-45.659412,-1.296955]]],[[[-44.802,-1.529],[-44.804,-1.565],[-44.828,-1.541],[-44.763,-1.484],[-44.802,-1.529]]],[[[-44.774,-1.527],[-44.753,-1.458],[-44.737,-1.512],[-44.774,-1.527]]],[[[-45.685,-1.196],[-45.658,-1.222],[-45.683,-1.262],[-45.685,-1.196]]],[[[-45.542,-1.195],[-45.524,-1.223],[-45.593,-1.246],[-45.57,-1.19],[-45.542,-1.195]]],[[[-44.617,-1.791],[-44.576,-1.78],[-44.602,-1.816],[-44.617,-1.791]]],[[[-44.729,-1.562],[-44.756,-1.583],[-44.743,-1.538],[-44.729,-1.562]]],[[[-45.798437,-1.126644],[-45.794639,-1.137761],[-45.803778,-1.15084],[-45.80814,-1.148102],[-45.810328,-1.151566],[-45.812968,-1.14991],[-45.816613,-1.147622],[-45.817951,-1.128572],[-45.816647,-1.121357],[-45.804682,-1.11257],[-45.801082,-1.114583],[-45.79759,-1.116537],[-45.793101,-1.119047],[-45.793258,-1.123493],[-45.798437,-1.126644]]],[[[-45.794195,-1.188348],[-45.787208,-1.186642],[-45.781348,-1.190254],[-45.778819,-1.199331],[-45.778279,-1.201272],[-45.776356,-1.196193],[-45.775505,-1.210167],[-45.785854,-1.227598],[-45.788125,-1.224373],[-45.790828,-1.220534],[-45.795853,-1.213396],[-45.798313,-1.195759],[-45.794195,-1.188348]]],[[[-45.55761,-1.328899],[-45.554294,-1.317899],[-45.549957,-1.310047],[-45.541023,-1.305565],[-45.53515,-1.30262],[-45.531764,-1.308808],[-45.531266,-1.309718],[-45.532456,-1.317312],[-45.529437,-1.316234],[-45.533858,-1.326903],[-45.542298,-1.328794],[-45.550355,-1.326411],[-45.55761,-1.328899]]],[[[-45.090045,-1.41925],[-45.093048,-1.43153],[-45.094335,-1.427008],[-45.096723,-1.418621],[-45.086774,-1.402828],[-45.085609,-1.399475],[-45.077587,-1.376411],[-45.078113,-1.370206],[-45.068567,-1.367478],[-45.065438,-1.371208],[-45.068548,-1.375225],[-45.067498,-1.385251],[-45.074264,-1.389667],[-45.074968,-1.390126],[-45.07851,-1.392437],[-45.078493,-1.398147],[-45.090045,-1.41925]]],[[[-45.096906,-1.468196],[-45.088878,-1.450677],[-45.070608,-1.460102],[-45.068669,-1.466032],[-45.073408,-1.476067],[-45.095419,-1.47134],[-45.096906,-1.468196]]],[[[-45.036117,-1.390365],[-45.041737,-1.386819],[-45.044993,-1.363205],[-45.04881,-1.349034],[-45.045501,-1.345326],[-45.043098,-1.342634],[-45.042261,-1.34618],[-45.041033,-1.351384],[-45.037821,-1.364996],[-45.032798,-1.386283],[-45.036117,-1.390365]]],[[[-44.749242,-1.692028],[-44.734841,-1.682156],[-44.730231,-1.687192],[-44.725832,-1.691997],[-44.740815,-1.70102],[-44.75186,-1.693822],[-44.749242,-1.692028]]],[[[-45.685098,-1.296817],[-45.677976,-1.300212],[-45.676027,-1.313762],[-45.682592,-1.316737],[-45.683699,-1.313769],[-45.685021,-1.310223],[-45.686911,-1.30891],[-45.689356,-1.307211],[-45.692603,-1.304835],[-45.690982,-1.291264],[-45.690592,-1.287999],[-45.68938,-1.289946],[-45.685098,-1.296817]]],[[[-44.46838,-2.075885],[-44.47121,-2.076651],[-44.482172,-2.07513],[-44.444024,-2.057457],[-44.451295,-2.070384],[-44.46838,-2.075885]]],[[[-44.480207,-2.106097],[-44.476213,-2.1035],[-44.475882,-2.095752],[-44.469396,-2.100948],[-44.463409,-2.100845],[-44.467871,-2.107736],[-44.467459,-2.114976],[-44.467243,-2.118755],[-44.467322,-2.121604],[-44.472332,-2.124924],[-44.4715,-2.117828],[-44.475498,-2.116563],[-44.485364,-2.113355],[-44.474412,-2.111089],[-44.480207,-2.106097]]],[[[-45.397623,-1.395383],[-45.397269,-1.404161],[-45.39717,-1.406608],[-45.406363,-1.418294],[-45.409128,-1.414044],[-45.410127,-1.412508],[-45.412623,-1.408674],[-45.406151,-1.396379],[-45.402994,-1.393843],[-45.397623,-1.395383]]],[[[-45.071731,-1.446252],[-45.070153,-1.453052],[-45.078594,-1.439548],[-45.070382,-1.424016],[-45.06513,-1.426973],[-45.061485,-1.439578],[-45.065075,-1.437716],[-45.072065,-1.440093],[-45.063107,-1.444093],[-45.068285,-1.445474],[-45.071731,-1.446252]]],[[[-44.722809,-1.661879],[-44.720479,-1.664844],[-44.720084,-1.665348],[-44.71756,-1.668562],[-44.722692,-1.676865],[-44.736231,-1.672962],[-44.737366,-1.672636],[-44.734797,-1.666376],[-44.722809,-1.661879]]],[[[-44.445095,-2.025063],[-44.457059,-2.029743],[-44.454174,-2.02404],[-44.452178,-2.020108],[-44.449946,-2.015712],[-44.445805,-2.00761],[-44.442638,-2.012259],[-44.438566,-2.018512],[-44.445095,-2.025063]]],[[[-44.622565,-1.812089],[-44.622714,-1.818384],[-44.624523,-1.81448],[-44.629384,-1.803998],[-44.63094,-1.800596],[-44.632858,-1.796316],[-44.63173,-1.792539],[-44.630378,-1.788128],[-44.622231,-1.797852],[-44.622565,-1.812089]]],[[[-45.089187,-1.431686],[-45.087112,-1.421671],[-45.082969,-1.420267],[-45.079107,-1.418958],[-45.082184,-1.44137],[-45.084901,-1.439734],[-45.08784,-1.437965],[-45.089187,-1.431686]]],[[[-45.515138,-1.406052],[-45.522118,-1.405285],[-45.522618,-1.400949],[-45.513994,-1.390264],[-45.512327,-1.389341],[-45.511364,-1.388808],[-45.508078,-1.390048],[-45.506733,-1.390557],[-45.50956,-1.395257],[-45.511236,-1.398043],[-45.515138,-1.406052]]],[[[-45.047764,-1.327364],[-45.043537,-1.331977],[-45.043278,-1.339077],[-45.05001,-1.344179],[-45.054479,-1.329774],[-45.047764,-1.327364]]],[[[-45.790641,-1.247342],[-45.796757,-1.247515],[-45.801481,-1.241909],[-45.798367,-1.238415],[-45.794227,-1.234515],[-45.787918,-1.235114],[-45.790641,-1.247342]]],[[[-45.002047,-1.40122],[-45.000575,-1.401947],[-45.000411,-1.402028],[-44.997834,-1.410183],[-45.0041,-1.410896],[-45.007138,-1.407181],[-45.015456,-1.395525],[-45.010895,-1.396852],[-45.002047,-1.40122]]],[[[-44.613755,-1.830106],[-44.613888,-1.829657],[-44.616218,-1.821751],[-44.612235,-1.821233],[-44.607661,-1.820636],[-44.604489,-1.827009],[-44.602321,-1.833682],[-44.605908,-1.831436],[-44.613363,-1.830173],[-44.613755,-1.830106]]],[[[-45.626304,-1.318555],[-45.625507,-1.321091],[-45.624911,-1.322986],[-45.623706,-1.327185],[-45.628121,-1.339402],[-45.628749,-1.335421],[-45.63014,-1.324586],[-45.631407,-1.314726],[-45.626304,-1.318555]]],[[[-44.830968,-1.56042],[-44.819476,-1.562051],[-44.81613,-1.565392],[-44.816594,-1.570823],[-44.823958,-1.570094],[-44.82755,-1.565137],[-44.830968,-1.56042]]],[[[-45.561853,-1.260879],[-45.558671,-1.2604],[-45.55731,-1.263829],[-45.559842,-1.268027],[-45.561178,-1.270241],[-45.562417,-1.270919],[-45.566802,-1.27332],[-45.567082,-1.268345],[-45.56438,-1.262454],[-45.561853,-1.260879]]],[[[-42.750055,-2.544329],[-42.744241,-2.557435],[-42.749196,-2.550264],[-42.752481,-2.549671],[-42.756292,-2.557072],[-42.760451,-2.557712],[-42.758031,-2.552331],[-42.75665,-2.549322],[-42.755219,-2.546268],[-42.750055,-2.544329]]],[[[-44.00926,-2.399591],[-44.00304,-2.39306],[-43.99997,-2.390526],[-43.996992,-2.400908],[-44.001169,-2.400636],[-44.00926,-2.399591]]],[[[-44.611386,-1.784215],[-44.616667,-1.784876],[-44.616687,-1.781501],[-44.611506,-1.776948],[-44.606165,-1.77465],[-44.602929,-1.775101],[-44.611386,-1.784215]]],[[[-45.640329,-1.31059],[-45.637822,-1.304379],[-45.637654,-1.303879],[-45.636274,-1.29977],[-45.634177,-1.311944],[-45.634384,-1.312889],[-45.635912,-1.31984],[-45.640329,-1.31059]]],[[[-45.653755,-1.361002],[-45.643066,-1.35836],[-45.639085,-1.362132],[-45.646866,-1.364225],[-45.653755,-1.361002]]],[[[-45.641958,-1.247054],[-45.646757,-1.250046],[-45.649132,-1.244951],[-45.647214,-1.242572],[-45.642938,-1.243445],[-45.639346,-1.244708],[-45.639076,-1.244803],[-45.639395,-1.245052],[-45.641958,-1.247054]]],[[[-44.016162,-2.399002],[-44.00926,-2.399591],[-44.010388,-2.402374],[-44.010535,-2.402538],[-44.014749,-2.407207],[-44.016082,-2.403412],[-44.016123,-2.401134],[-44.016162,-2.399002]]],[[[-45.139127,-1.46854],[-45.136402,-1.464649],[-45.134726,-1.468565],[-45.134372,-1.469393],[-45.136275,-1.476072],[-45.138294,-1.470739],[-45.139127,-1.46854]]],[[[-44.775734,-1.568849],[-44.783352,-1.571855],[-44.780123,-1.567823],[-44.772085,-1.563757],[-44.775734,-1.568849]]],[[[-44.875674,-1.339903],[-44.876943,-1.344688],[-44.881552,-1.339683],[-44.877177,-1.339477],[-44.87554,-1.3394],[-44.875674,-1.339903]]],[[[-45.040618,-1.392734],[-45.036117,-1.390365],[-45.037778,-1.395123],[-45.039709,-1.398268],[-45.040618,-1.392734]]],[[[-45.135795,-1.488631],[-45.13291,-1.485202],[-45.132875,-1.49049],[-45.134789,-1.494033],[-45.135795,-1.488631]]],[[[-44.45765,-2.13373],[-44.456353,-2.130673],[-44.453432,-2.130236],[-44.45113,-2.133003],[-44.45765,-2.13373]]],[[[-45.815989,-1.258576],[-45.81443,-1.254715],[-45.813853,-1.256441],[-45.812678,-1.259956],[-45.817065,-1.261242],[-45.815989,-1.258576]]],[[[-47.031325,-8.98013],[-47.031021,-8.98549],[-47.032958,-8.982325],[-47.033844,-8.980878],[-47.035272,-8.978543],[-47.031358,-8.979535],[-47.031325,-8.98013]]],[[[-45.1083,-1.4003],[-45.103678,-1.402188],[-45.106269,-1.406017],[-45.1083,-1.4003]]],[[[-45.11103,-1.390738],[-45.10648,-1.393977],[-45.108271,-1.396702],[-45.11103,-1.390738]]],[[[-45.558671,-1.2604],[-45.555963,-1.257209],[-45.555095,-1.26079],[-45.558671,-1.2604]]],[[[-44.756861,-1.592813],[-44.755316,-1.58709],[-44.754158,-1.590024],[-44.756861,-1.592813]]],[[[-45.76409,-1.187979],[-45.761794,-1.185552],[-45.760822,-1.189251],[-45.76409,-1.187979]]]]}},{"type":"Feature","properties":{"name":"MG","nome":"Minas Gerais"},"geometry":{"type":"MultiPolygon","coordinates":[[[[-44.209,-14.244],[-44.135,-14.282],[-44.112,-14.258],[-44.034,-14.288],[-43.986,-14.267],[-43.942,-14.305],[-43.783,-14.339],[-43.873,-14.52],[-43.883,-14.653],[-43.726,-14.698],[-43.719,-14.729],[-43.58,-14.75],[-43.531,-14.815],[-43.474,-14.79],[-43.434,-14.723],[-43.176,-14.65],[-43.083,-14.698],[-42.938,-14.708],[-42.927,-14.744],[-42.723,-14.885],[-42.436,-15.022],[-42.443,-15.06],[-42.264,-15.125],[-42.173,-15.085],[-42.091,-15.186],[-41.933,-15.173],[-41.871,-15.116],[-41.8,-15.101],[-41.356,-15.5],[-41.331,-15.744],[-41.215,-15.737],[-41.144,-15.771],[-41.077,-15.719],[-41.004,-15.712],[-40.962,-15.648],[-40.881,-15.694],[-40.815,-15.648],[-40.767,-15.714],[-40.707,-15.666],[-40.562,-15.803],[-40.46,-15.753],[-40.376,-15.823],[-40.23,-15.803],[-40.166,-15.868],[-40.17,-15.907],[-40.085,-15.897],[-40.066,-15.96],[-40.004,-16.001],[-39.916,-16.0],[-39.935,-16.023],[-39.856,-16.113],[-39.897,-16.141],[-39.883,-16.194],[-39.935,-16.245],[-39.916,-16.283],[-39.968,-16.327],[-39.99,-16.313],[-40.068,-16.458],[-40.098,-16.422],[-40.171,-16.524],[-40.159,-16.58],[-40.275,-16.574],[-40.345,-16.787],[-40.257,-16.806],[-40.247,-16.845],[-40.281,-16.901],[-40.48,-16.876],[-40.57,-17.061],[-40.571,-17.252],[-40.547,-17.283],[-40.609,-17.326],[-40.599,-17.39],[-40.623,-17.406],[-40.52,-17.447],[-40.46,-17.568],[-40.41,-17.568],[-40.414,-17.61],[-40.354,-17.644],[-40.347,-17.614],[-40.28,-17.722],[-40.224,-17.734],[-40.175,-17.852],[-40.263,-17.922],[-40.222,-17.98],[-40.527,-17.891],[-40.704,-18.023],[-40.772,-18.002],[-40.808,-17.952],[-40.863,-17.988],[-40.882,-17.97],[-40.902,-17.987],[-40.773,-18.107],[-40.771,-18.155],[-40.849,-18.147],[-40.893,-18.107],[-40.989,-18.17],[-41.056,-18.166],[-41.158,-18.308],[-41.144,-18.406],[-41.182,-18.439],[-41.024,-18.457],[-41.053,-18.628],[-40.943,-18.687],[-40.917,-18.815],[-41.097,-18.842],[-41.134,-18.796],[-41.232,-18.797],[-41.242,-18.854],[-41.214,-18.877],[-41.166,-18.858],[-41.103,-18.934],[-41.018,-18.973],[-41.071,-19.023],[-40.926,-19.189],[-40.92,-19.271],[-40.944,-19.279],[-40.907,-19.308],[-40.967,-19.427],[-40.944,-19.46],[-40.972,-19.505],[-41.045,-19.487],[-41.036,-19.568],[-41.168,-19.672],[-41.184,-19.888],[-41.308,-19.948],[-41.382,-20.188],[-41.756,-20.206],[-41.781,-20.292],[-41.847,-20.329],[-41.858,-20.372],[-41.798,-20.435],[-41.804,-20.544],[-41.856,-20.614],[-41.808,-20.644],[-41.878,-20.778],[-41.928,-20.794],[-41.976,-20.935],[-42.093,-20.936],[-42.151,-20.974],[-42.08,-21.035],[-42.208,-21.178],[-42.189,-21.249],[-42.229,-21.284],[-42.239,-21.401],[-42.279,-21.41],[-42.292,-21.46],[-42.252,-21.49],[-42.369,-21.619],[-42.365,-21.646],[-42.275,-21.676],[-42.271,-21.715],[-42.882,-21.96],[-43.073,-22.093],[-43.136,-22.109],[-43.131,-22.029],[-43.202,-22.037],[-43.246,-22.007],[-43.346,-22.003],[-43.462,-22.072],[-43.513,-22.059],[-43.562,-22.087],[-43.586,-22.052],[-43.612,-22.081],[-43.691,-22.07],[-43.734,-22.096],[-43.766,-22.062],[-44.1,-22.173],[-44.235,-22.266],[-44.291,-22.243],[-44.387,-22.272],[-44.456,-22.257],[-44.533,-22.33],[-44.617,-22.331],[-44.66,-22.379],[-44.724,-22.359],[-44.833,-22.43],[-45.091,-22.483],[-45.274,-22.616],[-45.395,-22.651],[-45.471,-22.59],[-45.539,-22.652],[-45.584,-22.651],[-45.555,-22.626],[-45.576,-22.602],[-45.665,-22.65],[-45.66,-22.578],[-45.716,-22.578],[-45.737,-22.608],[-45.694,-22.651],[-45.819,-22.722],[-45.728,-22.723],[-45.713,-22.814],[-45.754,-22.792],[-45.791,-22.858],[-45.823,-22.829],[-45.888,-22.875],[-45.909,-22.817],[-46.008,-22.889],[-46.139,-22.922],[-46.144,-22.858],[-46.345,-22.904],[-46.384,-22.869],[-46.335,-22.76],[-46.477,-22.699],[-46.469,-22.673],[-46.393,-22.662],[-46.433,-22.573],[-46.407,-22.54],[-46.505,-22.517],[-46.554,-22.446],[-46.666,-22.414],[-46.66,-22.366],[-46.723,-22.306],[-46.673,-22.176],[-46.6,-22.134],[-46.723,-22.077],[-46.664,-22.068],[-46.682,-22.028],[-46.613,-22.009],[-46.667,-21.932],[-46.647,-21.88],[-46.691,-21.836],[-46.626,-21.766],[-46.621,-21.675],[-46.565,-21.679],[-46.517,-21.611],[-46.509,-21.469],[-46.576,-21.426],[-46.615,-21.441],[-46.665,-21.361],[-46.706,-21.404],[-46.764,-21.36],[-46.92,-21.427],[-47.011,-21.422],[-46.998,-21.35],[-47.077,-21.239],[-47.062,-21.209],[-47.118,-21.185],[-47.143,-20.982],[-47.24,-20.885],[-47.186,-20.731],[-47.165,-20.701],[-47.115,-20.705],[-47.097,-20.644],[-47.154,-20.519],[-47.291,-20.449],[-47.298,-20.348],[-47.231,-20.219],[-47.257,-20.166],[-47.439,-20.049],[-47.425,-20.012],[-47.466,-19.964],[-47.581,-19.995],[-47.636,-20.048],[-47.704,-19.979],[-47.859,-19.993],[-47.894,-20.123],[-47.976,-20.035],[-48.019,-20.12],[-48.112,-20.143],[-48.24,-20.029],[-48.253,-20.077],[-48.218,-20.126],[-48.246,-20.14],[-48.405,-20.113],[-48.646,-20.166],[-48.823,-20.161],[-48.885,-20.269],[-48.867,-20.398],[-48.899,-20.441],[-48.968,-20.393],[-48.961,-20.263],[-48.992,-20.165],[-49.067,-20.154],[-49.13,-20.28],[-49.217,-20.303],[-49.308,-20.102],[-49.296,-20.016],[-49.248,-19.999],[-49.25,-19.97],[-49.44,-19.98],[-49.551,-19.905],[-49.891,-19.943],[-50.012,-19.926],[-50.102,-19.875],[-50.352,-19.864],[-50.471,-19.779],[-50.576,-19.816],[-50.656,-19.905],[-50.908,-19.994],[-51.0,-20.085],[-51.02,-19.962],[-50.999,-19.906],[-51.045,-19.729],[-50.987,-19.589],[-50.923,-19.576],[-50.962,-19.484],[-50.826,-19.487],[-50.875,-19.422],[-50.817,-19.289],[-50.747,-19.235],[-50.733,-19.185],[-50.68,-19.173],[-50.677,-19.139],[-50.585,-19.137],[-50.537,-19.099],[-50.498,-19.034],[-50.509,-18.937],[-50.441,-18.89],[-50.309,-18.698],[-50.08,-18.672],[-50.016,-18.599],[-49.783,-18.641],[-49.77,-18.612],[-49.64,-18.6],[-49.648,-18.558],[-49.558,-18.546],[-49.535,-18.493],[-49.492,-18.496],[-49.481,-18.561],[-49.416,-18.638],[-49.378,-18.642],[-49.33,-18.565],[-49.249,-18.522],[-49.193,-18.447],[-49.205,-18.411],[-49.108,-18.383],[-49.077,-18.416],[-48.936,-18.306],[-48.832,-18.346],[-48.816,-18.379],[-48.755,-18.344],[-48.561,-18.323],[-48.479,-18.379],[-48.405,-18.356],[-48.313,-18.384],[-48.262,-18.331],[-48.161,-18.372],[-48.114,-18.426],[-48.055,-18.413],[-48.006,-18.454],[-47.98,-18.442],[-47.954,-18.5],[-47.831,-18.449],[-47.809,-18.4],[-47.747,-18.411],[-47.74,-18.363],[-47.702,-18.379],[-47.657,-18.327],[-47.626,-18.334],[-47.638,-18.287],[-47.567,-18.203],[-47.538,-18.195],[-47.533,-18.23],[-47.357,-18.085],[-47.283,-18.058],[-47.373,-17.829],[-47.313,-17.699],[-47.27,-17.674],[-47.266,-17.609],[-47.33,-17.524],[-47.495,-17.525],[-47.541,-17.454],[-47.538,-17.388],[-47.511,-17.331],[-47.44,-17.347],[-47.434,-17.276],[-47.362,-17.222],[-47.352,-17.166],[-47.182,-17.063],[-47.126,-16.98],[-47.196,-16.909],[-47.193,-16.825],[-47.25,-16.666],[-47.318,-16.603],[-47.412,-16.575],[-47.458,-16.502],[-47.427,-16.394],[-47.322,-16.231],[-47.352,-16.132],[-47.3,-16.017],[-47.219,-16.014],[-47.142,-15.926],[-47.087,-15.96],[-46.812,-15.885],[-46.854,-15.62],[-46.949,-15.554],[-46.93,-15.443],[-46.849,-15.373],[-46.869,-15.361],[-46.836,-15.322],[-46.889,-15.282],[-46.892,-15.235],[-46.927,-15.255],[-46.94,-15.229],[-46.889,-15.111],[-46.918,-15.049],[-46.856,-15.01],[-46.625,-15.089],[-46.502,-15.052],[-46.546,-14.925],[-46.521,-14.851],[-46.565,-14.786],[-46.474,-14.705],[-46.322,-14.814],[-46.3,-14.858],[-46.319,-14.9],[-46.286,-14.928],[-46.176,-14.949],[-46.161,-14.906],[-46.088,-14.936],[-46.037,-14.874],[-46.003,-14.902],[-45.966,-14.965],[-45.975,-15.038],[-46.049,-15.166],[-46.119,-15.192],[-46.077,-15.264],[-46.052,-15.259],[-45.953,-15.139],[-45.873,-15.157],[-45.825,-15.116],[-45.721,-15.112],[-45.566,-14.944],[-45.455,-14.953],[-45.205,-14.744],[-45.083,-14.749],[-45.039,-14.68],[-44.843,-14.58],[-44.833,-14.499],[-44.701,-14.449],[-44.565,-14.34],[-44.316,-14.24],[-44.209,-14.244]]]]}},{"type":"Feature","properties":{"name":"MS","nome":"Mato Grosso do Sul"},"geometry":{"type":"MultiPolygon","coordinates":[[[[-53.874,-17.922],[-53.774,-18.0],[-53.692,-18.013],[-53.615,-17.978],[-53.589,-18.012],[-53.472,-18.039],[-53.43,-17.984],[-53.071,-18.039],[-53.143,-18.081],[-53.101,-18.31],[-53.069,-18.342],[-53.024,-18.35],[-52.949,-18.296],[-52.758,-18.348],[-52.798,-18.414],[-52.873,-18.428],[-52.962,-18.54],[-52.916,-18.639],[-52.749,-18.69],[-52.592,-18.689],[-52.531,-18.658],[-52.449,-18.691],[-52.334,-18.828],[-52.181,-18.847],[-52.015,-18.982],[-51.94,-18.967],[-51.854,-19.051],[-51.657,-19.137],[-51.42,-19.166],[-51.252,-19.274],[-51.203,-19.261],[-51.057,-19.329],[-51.03,-19.401],[-50.939,-19.456],[-50.962,-19.5],[-50.924,-19.558],[-50.928,-19.587],[-50.987,-19.589],[-51.045,-19.729],[-50.999,-19.906],[-51.02,-19.962],[-51.001,-20.096],[-51.069,-20.25],[-51.343,-20.355],[-51.5,-20.568],[-51.586,-20.634],[-51.634,-20.754],[-51.618,-20.932],[-51.725,-20.98],[-51.789,-21.102],[-51.875,-21.136],[-51.848,-21.266],[-51.867,-21.351],[-51.967,-21.501],[-52.077,-21.515],[-52.103,-21.559],[-52.049,-21.643],[-52.076,-21.714],[-52.161,-21.77],[-52.19,-21.846],[-52.308,-21.951],[-52.408,-22.141],[-52.857,-22.441],[-52.998,-22.493],[-53.081,-22.558],[-53.201,-22.728],[-53.354,-22.777],[-53.607,-22.951],[-53.636,-23.125],[-53.73,-23.317],[-53.771,-23.372],[-53.982,-23.46],[-54.075,-23.764],[-54.079,-23.888],[-54.129,-23.982],[-54.287,-24.07],[-54.437,-23.906],[-54.57,-23.874],[-54.586,-23.839],[-54.671,-23.812],[-54.705,-23.863],[-54.89,-23.898],[-54.94,-23.963],[-54.998,-23.956],[-55.06,-23.992],[-55.107,-23.963],[-55.205,-24.001],[-55.312,-23.962],[-55.347,-23.994],[-55.432,-23.941],[-55.434,-23.717],[-55.461,-23.713],[-55.481,-23.641],[-55.537,-23.625],[-55.524,-23.567],[-55.561,-23.476],[-55.506,-23.376],[-55.556,-23.319],[-55.523,-23.197],[-55.543,-23.156],[-55.597,-23.152],[-55.665,-22.851],[-55.617,-22.768],[-55.615,-22.656],[-55.721,-22.551],[-55.751,-22.476],[-55.739,-22.395],[-55.788,-22.387],[-55.849,-22.284],[-56.209,-22.276],[-56.363,-22.17],[-56.392,-22.074],[-56.502,-22.095],[-56.635,-22.262],[-56.702,-22.218],[-56.72,-22.261],[-56.794,-22.242],[-56.841,-22.302],[-56.885,-22.247],[-56.905,-22.267],[-56.996,-22.223],[-57.08,-22.25],[-57.198,-22.212],[-57.241,-22.249],[-57.292,-22.218],[-57.319,-22.243],[-57.372,-22.231],[-57.448,-22.187],[-57.576,-22.175],[-57.612,-22.094],[-57.706,-22.09],[-57.802,-22.15],[-57.828,-22.12],[-57.859,-22.136],[-57.925,-22.121],[-57.939,-22.085],[-57.991,-22.09],[-58.003,-22.032],[-57.912,-21.879],[-57.969,-21.846],[-57.913,-21.791],[-57.945,-21.742],[-57.882,-21.688],[-57.933,-21.651],[-57.912,-21.59],[-57.966,-21.525],[-57.854,-21.338],[-57.921,-21.279],[-57.85,-21.219],[-57.867,-21.041],[-57.819,-20.942],[-57.863,-20.946],[-57.928,-20.898],[-57.859,-20.826],[-57.89,-20.792],[-57.96,-20.789],[-57.933,-20.746],[-57.862,-20.741],[-57.919,-20.664],[-57.985,-20.701],[-57.97,-20.642],[-58.012,-20.612],[-58.018,-20.513],[-57.996,-20.435],[-58.084,-20.372],[-58.094,-20.255],[-58.16,-20.262],[-58.122,-20.195],[-58.167,-20.171],[-57.96,-20.022],[-57.903,-20.041],[-57.859,-19.97],[-58.131,-19.758],[-57.784,-19.033],[-57.694,-19.01],[-57.719,-18.899],[-57.766,-18.899],[-57.557,-18.24],[-57.453,-18.231],[-57.574,-18.131],[-57.72,-17.827],[-57.683,-17.808],[-57.775,-17.657],[-57.795,-17.56],[-57.712,-17.544],[-57.668,-17.671],[-57.684,-17.715],[-57.64,-17.717],[-57.603,-17.803],[-57.477,-17.859],[-57.452,-17.902],[-57.377,-17.826],[-57.115,-17.781],[-57.044,-17.73],[-56.959,-17.611],[-56.982,-17.58],[-56.875,-17.533],[-56.825,-17.458],[-56.828,-17.391],[-56.785,-17.387],[-56.733,-17.309],[-56.647,-17.339],[-56.647,-17.317],[-56.526,-17.319],[-56.501,-17.286],[-56.443,-17.33],[-56.113,-17.167],[-56.045,-17.171],[-56.005,-17.204],[-56.01,-17.239],[-55.939,-17.277],[-55.874,-17.268],[-55.701,-17.354],[-55.641,-17.339],[-55.585,-17.373],[-55.585,-17.422],[-55.524,-17.481],[-55.377,-17.515],[-55.35,-17.548],[-55.292,-17.542],[-55.221,-17.617],[-55.127,-17.652],[-54.943,-17.609],[-54.86,-17.623],[-54.758,-17.565],[-54.748,-17.522],[-54.581,-17.468],[-54.481,-17.487],[-54.466,-17.529],[-54.382,-17.571],[-54.387,-17.631],[-54.302,-17.661],[-54.178,-17.602],[-54.077,-17.615],[-54.037,-17.486],[-53.952,-17.459],[-53.831,-17.355],[-53.82,-17.294],[-53.708,-17.228],[-53.68,-17.253],[-53.706,-17.662],[-53.806,-17.672],[-53.888,-17.749],[-53.955,-17.883],[-53.948,-17.923],[-53.874,-17.922]]],[[[-53.872177,-17.916416],[-53.87182,-17.921417],[-53.874961,-17.918378],[-53.872177,-17.916416]]]]}},{"type":"Feature","properties":{"name":"MT","nome":"Mato Grosso"},"geometry":{"type":"MultiPolygon","coordinates":[[[[-60.361,-13.299],[-60.268,-13.145],[-60.282,-13.08],[-60.189,-12.971],[-60.117,-12.959],[-60.086,-12.898],[-60.068,-12.616],[-59.935,-12.487],[-59.855,-12.478],[-59.774,-12.341],[-59.892,-12.245],[-59.901,-12.115],[-59.979,-12.029],[-59.985,-11.914],[-60.076,-11.885],[-60.108,-11.839],[-60.114,-11.591],[-59.92,-11.398],[-59.927,-11.31],[-59.981,-11.233],[-59.976,-11.122],[-60.066,-11.125],[-60.084,-11.096],[-60.204,-11.112],[-60.27,-11.098],[-60.301,-11.057],[-60.348,-11.074],[-60.347,-11.109],[-60.446,-11.042],[-60.46,-10.989],[-61.55,-10.986],[-61.519,-10.949],[-61.51,-10.794],[-61.473,-10.797],[-61.498,-10.688],[-61.461,-10.42],[-61.553,-10.307],[-61.577,-10.226],[-61.551,-10.197],[-61.6,-10.154],[-61.507,-9.861],[-61.547,-9.787],[-61.531,-9.74],[-61.574,-9.717],[-61.505,-9.691],[-61.477,-9.627],[-61.513,-9.528],[-61.549,-9.515],[-61.526,-9.501],[-61.578,-9.471],[-61.552,-9.387],[-61.625,-9.363],[-61.632,-9.266],[-61.526,-9.244],[-61.554,-9.09],[-61.468,-8.917],[-61.526,-8.816],[-61.582,-8.798],[-58.415,-8.792],[-58.326,-8.72],[-58.437,-8.703],[-58.391,-8.603],[-58.417,-8.492],[-58.314,-8.323],[-58.322,-8.17],[-58.286,-8.128],[-58.382,-7.839],[-58.294,-7.772],[-58.277,-7.703],[-58.202,-7.621],[-58.212,-7.458],[-58.138,-7.349],[-58.066,-7.391],[-57.972,-7.534],[-57.939,-7.653],[-57.898,-7.676],[-57.828,-7.973],[-57.728,-8.094],[-57.715,-8.158],[-57.643,-8.213],[-57.686,-8.414],[-57.633,-8.524],[-57.648,-8.576],[-57.622,-8.591],[-57.592,-8.756],[-57.427,-8.783],[-57.416,-8.858],[-57.38,-8.881],[-57.192,-8.93],[-57.039,-9.098],[-57.057,-9.184],[-56.995,-9.233],[-56.82,-9.246],[-56.761,-9.405],[-56.671,-9.367],[-50.224,-9.841],[-50.302,-10.035],[-50.392,-10.134],[-50.418,-10.356],[-50.473,-10.404],[-50.537,-10.605],[-50.603,-10.661],[-50.57,-10.752],[-50.622,-10.839],[-50.609,-11.067],[-50.659,-11.13],[-50.658,-11.247],[-50.739,-11.435],[-50.74,-11.538],[-50.656,-11.6],[-50.663,-11.672],[-50.722,-11.739],[-50.686,-11.859],[-50.639,-11.884],[-50.683,-11.994],[-50.686,-12.202],[-50.644,-12.222],[-50.618,-12.429],[-50.686,-12.569],[-50.668,-12.596],[-50.706,-12.609],[-50.699,-12.647],[-50.646,-12.651],[-50.622,-12.819],[-50.579,-12.802],[-50.597,-12.826],[-50.52,-12.836],[-50.502,-12.884],[-50.525,-12.976],[-50.593,-13.002],[-50.569,-13.039],[-50.61,-13.063],[-50.584,-13.223],[-50.607,-13.31],[-50.665,-13.376],[-50.665,-13.442],[-50.763,-13.53],[-50.803,-13.691],[-50.871,-13.733],[-50.841,-13.862],[-50.865,-13.98],[-50.833,-14.089],[-50.869,-14.125],[-50.917,-14.114],[-50.913,-14.169],[-50.975,-14.29],[-50.999,-14.419],[-50.962,-14.527],[-51.053,-14.746],[-51.044,-14.793],[-51.089,-14.841],[-51.086,-14.917],[-51.242,-15.035],[-51.29,-15.034],[-51.301,-14.986],[-51.337,-14.973],[-51.535,-15.069],[-51.652,-15.179],[-51.699,-15.484],[-51.735,-15.51],[-51.727,-15.55],[-51.776,-15.537],[-51.762,-15.645],[-51.879,-15.825],[-51.946,-15.81],[-52.008,-15.885],[-52.252,-15.893],[-52.327,-16.068],[-52.525,-16.14],[-52.569,-16.23],[-52.547,-16.261],[-52.681,-16.303],[-52.688,-16.396],[-52.604,-16.464],[-52.635,-16.551],[-52.739,-16.589],[-52.715,-16.639],[-52.746,-16.63],[-52.785,-16.741],[-52.932,-16.802],[-52.95,-16.86],[-53.011,-16.858],[-53.055,-16.963],[-53.056,-17.07],[-53.119,-17.113],[-53.218,-17.299],[-53.195,-17.361],[-53.241,-17.492],[-53.246,-17.69],[-53.168,-17.766],[-53.071,-18.039],[-53.43,-17.984],[-53.472,-18.039],[-53.589,-18.012],[-53.615,-17.978],[-53.692,-18.013],[-53.784,-17.995],[-53.86,-17.921],[-53.948,-17.923],[-53.948,-17.856],[-53.855,-17.702],[-53.706,-17.662],[-53.68,-17.253],[-53.708,-17.228],[-53.82,-17.294],[-53.831,-17.355],[-53.952,-17.459],[-54.037,-17.486],[-54.084,-17.619],[-54.178,-17.602],[-54.335,-17.661],[-54.387,-17.631],[-54.382,-17.571],[-54.466,-17.529],[-54.481,-17.487],[-54.581,-17.468],[-54.748,-17.522],[-54.758,-17.565],[-54.86,-17.623],[-54.943,-17.609],[-55.127,-17.652],[-55.221,-17.617],[-55.292,-17.542],[-55.35,-17.548],[-55.377,-17.515],[-55.524,-17.481],[-55.585,-17.422],[-55.585,-17.373],[-55.641,-17.339],[-55.701,-17.354],[-55.874,-17.268],[-55.939,-17.277],[-56.01,-17.239],[-56.005,-17.204],[-56.045,-17.171],[-56.113,-17.167],[-56.443,-17.33],[-56.501,-17.286],[-56.526,-17.319],[-56.647,-17.317],[-56.647,-17.339],[-56.733,-17.309],[-56.785,-17.387],[-56.828,-17.391],[-56.825,-17.458],[-56.875,-17.533],[-56.982,-17.58],[-56.959,-17.611],[-57.044,-17.73],[-57.115,-17.781],[-57.377,-17.826],[-57.452,-17.902],[-57.477,-17.859],[-57.603,-17.803],[-57.64,-17.717],[-57.684,-17.715],[-57.668,-17.671],[-57.728,-17.529],[-57.752,-17.564],[-57.883,-17.449],[-57.991,-17.514],[-58.043,-17.492],[-58.059,-17.452],[-58.114,-17.45],[-58.151,-17.384],[-58.254,-17.352],[-58.395,-17.184],[-58.386,-17.111],[-58.424,-17.112],[-58.435,-17.078],[-58.423,-16.989],[-58.473,-16.933],[-58.47,-16.703],[-58.435,-16.592],[-58.333,-16.49],[-58.355,-16.427],[-58.306,-16.37],[-58.321,-16.264],[-58.388,-16.261],[-58.43,-16.321],[-60.171,-16.265],[-60.238,-15.473],[-60.564,-15.108],[-60.244,-15.096],[-60.272,-14.62],[-60.321,-14.606],[-60.338,-14.511],[-60.406,-14.412],[-60.395,-14.364],[-60.452,-14.313],[-60.449,-14.241],[-60.489,-14.188],[-60.478,-14.096],[-60.381,-13.987],[-60.45,-13.937],[-60.452,-13.884],[-60.473,-13.885],[-60.455,-13.855],[-60.491,-13.856],[-60.467,-13.795],[-60.549,-13.781],[-60.623,-13.719],[-60.655,-13.737],[-60.716,-13.682],[-60.632,-13.571],[-60.387,-13.454],[-60.361,-13.299]]],[[[-60.362687,-13.296129],[-60.360833,-13.299324],[-60.36443,-13.299534],[-60.362687,-13.296129]]]]}},{"type":"Feature","properties":{"name":"PA","nome":"Pará"},"geometry":{"type":"MultiPolygon","coordinates":[[[[-46.951,-0.734],[-46.98,-0.777],[-46.932,-0.846],[-46.955,-0.861],[-46.917,-0.875],[-46.912,-0.818],[-46.88,-0.812],[-46.884,-0.769],[-46.845,-0.735],[-46.85,-0.864],[-46.816,-0.828],[-46.826,-0.895],[-46.801,-0.862],[-46.788,-0.9],[-46.766,-0.817],[-46.746,-0.92],[-46.721,-0.827],[-46.674,-0.861],[-46.685,-0.806],[-46.638,-0.788],[-46.609,-0.842],[-46.645,-0.868],[-46.634,-0.928],[-46.683,-0.952],[-46.675,-0.976],[-46.601,-0.951],[-46.581,-0.974],[-46.551,-0.904],[-46.537,-0.977],[-46.511,-0.884],[-46.466,-0.895],[-46.427,-0.858],[-46.423,-0.891],[-46.5,-0.973],[-46.464,-0.976],[-46.486,-1.0],[-46.468,-1.053],[-46.461,-1.017],[-46.412,-1.019],[-46.428,-1.065],[-46.419,-0.996],[-46.39,-0.987],[-46.375,-1.052],[-46.344,-0.996],[-46.348,-1.072],[-46.305,-1.084],[-46.333,-1.061],[-46.317,-1.014],[-46.283,-1.048],[-46.307,-1.009],[-46.267,-0.996],[-46.287,-0.982],[-46.243,-0.928],[-46.265,-0.917],[-46.19,-0.894],[-46.203,-0.968],[-46.252,-0.997],[-46.215,-0.979],[-46.206,-1.039],[-46.272,-1.172],[-46.171,-0.993],[-46.156,-1.049],[-46.205,-1.131],[-46.172,-1.155],[-46.165,-1.083],[-46.148,-1.135],[-46.147,-1.067],[-46.072,-1.019],[-46.1,-1.071],[-46.072,-1.107],[-46.098,-1.196],[-46.151,-1.224],[-46.162,-1.278],[-46.104,-1.337],[-46.176,-1.475],[-46.132,-1.578],[-46.153,-1.676],[-46.218,-1.727],[-46.305,-1.727],[-46.324,-1.765],[-46.307,-1.804],[-46.229,-1.8],[-46.21,-1.833],[-46.242,-1.881],[-46.218,-1.913],[-46.28,-2.153],[-46.376,-2.247],[-46.432,-2.239],[-46.421,-2.289],[-46.464,-2.371],[-46.408,-2.37],[-46.44,-2.412],[-46.416,-2.529],[-46.492,-2.535],[-46.505,-2.615],[-46.574,-2.628],[-46.593,-2.665],[-46.621,-2.644],[-46.664,-2.694],[-46.636,-2.793],[-46.602,-2.789],[-46.575,-2.841],[-46.614,-2.829],[-46.64,-2.881],[-46.679,-2.881],[-46.648,-2.971],[-46.679,-3.093],[-46.71,-3.128],[-46.747,-3.121],[-46.723,-3.151],[-46.773,-3.175],[-46.756,-3.216],[-46.807,-3.241],[-46.813,-3.309],[-46.942,-3.375],[-46.948,-3.477],[-47.037,-3.563],[-47.088,-3.855],[-47.193,-3.978],[-47.318,-4.047],[-47.372,-4.244],[-47.473,-4.314],[-47.581,-4.52],[-47.68,-4.608],[-47.789,-4.585],[-48.755,-5.349],[-48.591,-5.421],[-48.384,-5.394],[-48.3,-5.523],[-48.138,-5.602],[-48.174,-5.709],[-48.272,-5.725],[-48.294,-5.756],[-48.288,-5.843],[-48.231,-5.946],[-48.334,-6.004],[-48.292,-6.104],[-48.431,-6.177],[-48.382,-6.379],[-48.5,-6.351],[-48.613,-6.453],[-48.663,-6.557],[-48.664,-6.662],[-48.814,-6.751],[-49.018,-6.784],[-49.209,-6.925],[-49.185,-7.235],[-49.378,-7.496],[-49.384,-7.543],[-49.323,-7.681],[-49.15,-7.802],[-49.215,-8.194],[-49.283,-8.379],[-49.377,-8.455],[-49.409,-8.58],[-49.592,-8.839],[-49.684,-8.856],[-49.745,-8.906],[-49.842,-9.027],[-49.907,-9.173],[-50.037,-9.289],[-50.105,-9.475],[-50.089,-9.545],[-50.224,-9.841],[-56.671,-9.367],[-56.754,-9.406],[-56.82,-9.246],[-56.995,-9.233],[-57.057,-9.184],[-57.039,-9.098],[-57.192,-8.93],[-57.38,-8.881],[-57.416,-8.858],[-57.427,-8.783],[-57.592,-8.756],[-57.622,-8.591],[-57.648,-8.576],[-57.633,-8.524],[-57.686,-8.414],[-57.643,-8.213],[-57.715,-8.158],[-57.728,-8.094],[-57.828,-7.973],[-57.898,-7.676],[-57.939,-7.653],[-57.972,-7.534],[-58.059,-7.4],[-58.169,-7.313],[-58.209,-7.134],[-58.434,-6.908],[-58.481,-6.781],[-58.478,-6.699],[-58.325,-6.499],[-58.262,-6.469],[-56.402,-2.456],[-56.465,-2.423],[-56.384,-2.27],[-56.22,-2.196],[-56.098,-2.027],[-56.228,-2.056],[-56.316,-2.14],[-56.369,-2.137],[-56.413,-2.176],[-56.527,-2.139],[-56.612,-2.21],[-56.679,-2.212],[-56.768,-2.165],[-56.723,-2.067],[-56.734,-2.022],[-56.859,-2.016],[-56.988,-1.907],[-57.037,-1.911],[-57.063,-1.808],[-57.163,-1.768],[-57.164,-1.721],[-57.23,-1.726],[-57.253,-1.696],[-57.305,-1.73],[-57.392,-1.723],[-57.403,-1.675],[-57.427,-1.691],[-57.528,-1.652],[-57.602,-1.57],[-57.678,-1.594],[-57.713,-1.504],[-57.783,-1.508],[-57.824,-1.439],[-57.96,-1.401],[-58.0,-1.33],[-57.972,-1.162],[-58.017,-1.106],[-58.081,-1.126],[-58.162,-1.229],[-58.254,-1.132],[-58.323,-1.143],[-58.43,-1.027],[-58.41,-0.981],[-58.45,-0.926],[-58.436,-0.883],[-58.705,-0.679],[-58.733,-0.611],[-58.71,-0.538],[-58.725,-0.442],[-58.872,-0.343],[-58.863,-0.078],[-58.898,-0.018],[-58.895,1.228],[-58.821,1.172],[-58.739,1.2],[-58.705,1.294],[-58.496,1.268],[-58.457,1.372],[-58.505,1.404],[-58.508,1.463],[-58.385,1.47],[-58.389,1.536],[-58.322,1.597],[-58.316,1.571],[-58.236,1.547],[-58.16,1.561],[-58.129,1.499],[-58.06,1.526],[-58.004,1.504],[-57.989,1.66],[-57.913,1.648],[-57.797,1.688],[-57.774,1.73],[-57.705,1.731],[-57.65,1.683],[-57.537,1.701],[-57.501,1.787],[-57.437,1.827],[-57.433,1.906],[-57.369,1.924],[-57.369,1.957],[-57.304,2.0],[-57.23,1.938],[-57.086,2.028],[-57.014,1.915],[-56.919,1.931],[-56.791,1.853],[-56.72,1.926],[-56.655,1.917],[-56.621,1.946],[-56.576,1.908],[-56.451,1.957],[-56.396,1.924],[-56.334,1.938],[-56.248,1.879],[-56.173,1.899],[-56.117,1.852],[-55.956,1.845],[-55.903,1.889],[-55.935,1.986],[-55.903,2.042],[-55.966,2.089],[-56.003,2.168],[-56.054,2.185],[-56.042,2.228],[-56.138,2.266],[-56.089,2.373],[-56.021,2.343],[-56.039,2.367],[-55.987,2.422],[-56.011,2.453],[-55.978,2.528],[-55.924,2.531],[-55.838,2.463],[-55.769,2.457],[-55.717,2.402],[-55.499,2.444],[-55.385,2.419],[-55.32,2.516],[-55.234,2.504],[-55.123,2.568],[-55.102,2.526],[-55.003,2.591],[-54.954,2.584],[-54.807,2.342],[-54.811,2.267],[-54.763,2.203],[-54.812,2.063],[-54.753,1.967],[-54.744,1.776],[-54.57,1.785],[-54.508,1.749],[-54.377,1.764],[-54.309,1.741],[-54.191,1.625],[-54.182,1.658],[-54.143,1.641],[-54.102,1.591],[-54.117,1.558],[-54.086,1.489],[-54.009,1.52],[-53.997,1.476],[-53.928,1.469],[-53.935,1.436],[-53.896,1.455],[-53.882,1.401],[-53.85,1.392],[-53.808,1.392],[-53.804,1.424],[-53.732,1.387],[-53.717,1.432],[-53.711,1.384],[-53.666,1.373],[-53.65,1.409],[-53.65,1.337],[-53.538,1.341],[-53.562,1.307],[-53.523,1.262],[-53.536,1.213],[-53.426,1.243],[-53.399,1.159],[-53.459,1.128],[-53.411,0.93],[-53.106,0.684],[-53.153,0.577],[-53.175,0.382],[-52.977,0.024],[-52.933,-0.139],[-52.851,-0.15],[-52.69,-0.303],[-52.679,-0.423],[-52.702,-0.459],[-52.64,-0.585],[-52.523,-0.589],[-52.497,-0.73],[-52.538,-0.854],[-52.455,-0.83],[-52.403,-0.877],[-52.439,-0.935],[-52.427,-1.05],[-52.358,-1.062],[-52.333,-1.116],[-52.12,-1.146],[-52.1,-1.226],[-52.054,-1.234],[-52.062,-1.184],[-51.991,-1.171],[-51.985,-1.121],[-51.957,-1.169],[-51.925,-1.132],[-51.887,-1.166],[-51.809,-1.157],[-51.704,-1.067],[-51.679,-0.785],[-51.595,-0.65],[-51.457,-0.513],[-51.216,-0.118],[-51.084,-0.087],[-50.934,0.07],[-50.784,0.112],[-50.668,0.185],[-50.556,0.307],[-50.436,0.6],[-50.347,0.667],[-50.157,0.705],[-50.093,0.702],[-50.04,0.574],[-50.061,0.339],[-49.903,0.311],[-49.763,0.349],[-49.738,0.323],[-49.742,0.35],[-49.677,0.366],[-49.615,0.314],[-49.475,0.079],[-49.387,0.041],[-49.397,0.016],[-49.008,-0.16],[-48.93,-0.226],[-48.793,-0.22],[-48.702,-0.257],[-48.472,-0.232],[-48.412,-0.257],[-48.39,-0.363],[-48.472,-0.499],[-48.0,-0.664],[-47.989,-0.706],[-47.962,-0.636],[-47.902,-0.602],[-47.897,-0.552],[-47.842,-0.586],[-47.871,-0.677],[-47.841,-0.68],[-47.814,-0.561],[-47.768,-0.585],[-47.767,-0.637],[-47.763,-0.565],[-47.703,-0.535],[-47.698,-0.593],[-47.636,-0.603],[-47.626,-0.701],[-47.579,-0.581],[-47.542,-0.604],[-47.488,-0.765],[-47.466,-0.752],[-47.482,-0.621],[-47.444,-0.589],[-47.414,-0.599],[-47.425,-0.655],[-47.322,-0.594],[-47.283,-0.607],[-47.293,-0.645],[-47.212,-0.637],[-47.199,-0.665],[-47.243,-0.707],[-47.161,-0.667],[-47.17,-0.776],[-47.141,-0.688],[-47.088,-0.662],[-47.066,-0.776],[-47.049,-0.711],[-47.057,-0.806],[-47.028,-0.803],[-47.041,-0.729],[-46.972,-0.704],[-46.951,-0.734]]],[[[-46.401,-0.952],[-46.437,-0.986],[-46.416,-0.932],[-46.401,-0.952]]],[[[-46.075076,-1.066854],[-46.070696,-1.069081],[-46.06053,-1.094368],[-46.066208,-1.104784],[-46.068177,-1.099447],[-46.068274,-1.099183],[-46.069084,-1.096987],[-46.069761,-1.096321],[-46.072671,-1.093458],[-46.084579,-1.081738],[-46.088277,-1.073085],[-46.090328,-1.068593],[-46.087877,-1.060935],[-46.082487,-1.05819],[-46.081747,-1.057813],[-46.072106,-1.061236],[-46.075076,-1.066854]]],[[[-47.034094,-0.695061],[-47.034062,-0.691846],[-47.029786,-0.691695],[-47.023853,-0.691486],[-47.023133,-0.696691],[-47.013667,-0.694488],[-47.005058,-0.700323],[-47.010334,-0.701763],[-47.016899,-0.703516],[-47.022108,-0.704907],[-47.027517,-0.706351],[-47.033167,-0.70786],[-47.033841,-0.700474],[-47.034094,-0.695061]]],[[[-46.375097,-0.995855],[-46.374997,-1.004114],[-46.374913,-1.011076],[-46.380828,-1.012994],[-46.384078,-1.007111],[-46.383726,-1.003399],[-46.382842,-0.994096],[-46.374138,-0.987214],[-46.370383,-0.991077],[-46.375097,-0.995855]]],[[[-47.843037,-0.662354],[-47.841213,-0.657675],[-47.83305,-0.653774],[-47.831329,-0.658958],[-47.833345,-0.661574],[-47.836476,-0.661253],[-47.836915,-0.666395],[-47.840392,-0.668537],[-47.843037,-0.662354]]],[[[-46.444238,-1.009881],[-46.446052,-1.010024],[-46.450461,-1.009052],[-46.437249,-1.001111],[-46.435015,-1.003674],[-46.435544,-1.007926],[-46.435704,-1.009207],[-46.444238,-1.009881]]],[[[-46.326679,-0.95029],[-46.322638,-0.944943],[-46.316544,-0.946124],[-46.3154,-0.950014],[-46.318749,-0.948975],[-46.322321,-0.95117],[-46.318279,-0.953877],[-46.323167,-0.956256],[-46.326679,-0.95029]]],[[[-46.607768,-0.830816],[-46.606069,-0.825219],[-46.600921,-0.826208],[-46.600328,-0.830136],[-46.605258,-0.832489],[-46.607768,-0.830816]]],[[[-46.608153,-0.8589],[-46.606451,-0.853306],[-46.601308,-0.854295],[-46.600713,-0.858223],[-46.605643,-0.860574],[-46.608153,-0.8589]]],[[[-47.034742,-0.720384],[-47.042967,-0.72202],[-47.044168,-0.719306],[-47.04083,-0.718531],[-47.037061,-0.716658],[-47.032222,-0.71799],[-47.034742,-0.720384]]],[[[-46.467967,-0.963936],[-46.474997,-0.96422],[-46.468828,-0.957717],[-46.465051,-0.959526],[-46.467967,-0.963936]]],[[[-46.20639,-0.940794],[-46.202712,-0.936364],[-46.198958,-0.940309],[-46.20639,-0.940794]]],[[[-46.954245,-0.740374],[-46.951454,-0.73406],[-46.949257,-0.738724],[-46.954245,-0.740374]]],[[[-47.021708,-0.715428],[-47.016829,-0.713164],[-47.018746,-0.717506],[-47.021708,-0.715428]]],[[[-46.270059,-0.933488],[-46.265775,-0.93288],[-46.267082,-0.936436],[-46.270059,-0.933488]]]]}},{"type":"Feature","properties":{"name":"PB","nome":"Paraíba"},"geometry":{"type":"MultiPolygon","coordinates":[[[[-37.227,-6.035],[-37.174,-6.048],[-37.157,-6.152],[-37.377,-6.344],[-37.396,-6.514],[-37.483,-6.55],[-37.484,-6.71],[-37.283,-6.694],[-37.234,-6.824],[-37.19,-6.825],[-37.002,-6.709],[-36.957,-6.79],[-36.835,-6.731],[-36.772,-6.787],[-36.769,-6.838],[-36.73,-6.836],[-36.766,-6.935],[-36.718,-6.982],[-36.688,-6.927],[-36.609,-6.936],[-36.569,-6.848],[-36.507,-6.813],[-36.504,-6.756],[-36.557,-6.71],[-36.524,-6.599],[-36.435,-6.625],[-36.443,-6.56],[-36.525,-6.501],[-36.529,-6.447],[-36.499,-6.358],[-36.43,-6.362],[-36.394,-6.294],[-36.362,-6.31],[-36.307,-6.281],[-36.279,-6.308],[-36.295,-6.393],[-36.251,-6.404],[-36.249,-6.437],[-36.08,-6.405],[-35.977,-6.489],[-35.773,-6.482],[-35.658,-6.446],[-35.559,-6.492],[-35.442,-6.479],[-35.33,-6.544],[-35.222,-6.516],[-35.17,-6.558],[-35.095,-6.497],[-35.057,-6.527],[-34.971,-6.485],[-34.938,-6.753],[-34.902,-6.865],[-34.853,-6.9],[-34.867,-7.008],[-34.855,-7.027],[-34.83,-6.966],[-34.843,-7.056],[-34.793,-7.154],[-34.826,-7.547],[-34.96,-7.538],[-34.987,-7.463],[-35.079,-7.397],[-35.243,-7.374],[-35.421,-7.474],[-35.479,-7.445],[-35.536,-7.58],[-35.515,-7.585],[-35.532,-7.654],[-35.61,-7.654],[-35.653,-7.695],[-35.998,-7.813],[-36.07,-7.78],[-36.201,-7.789],[-36.216,-7.764],[-36.263,-7.831],[-36.424,-7.815],[-36.445,-7.915],[-36.552,-7.898],[-36.576,-7.959],[-36.611,-7.948],[-36.657,-8.08],[-36.628,-8.111],[-36.991,-8.303],[-37.088,-8.255],[-37.122,-8.174],[-37.163,-8.165],[-37.149,-8.023],[-37.192,-7.96],[-37.355,-7.975],[-37.309,-7.934],[-37.322,-7.911],[-37.244,-7.874],[-37.222,-7.842],[-37.243,-7.819],[-37.152,-7.779],[-37.139,-7.745],[-37.195,-7.652],[-37.168,-7.581],[-36.984,-7.482],[-37.026,-7.388],[-37.165,-7.336],[-37.233,-7.275],[-37.331,-7.289],[-37.385,-7.356],[-37.497,-7.367],[-37.533,-7.473],[-37.706,-7.55],[-37.755,-7.619],[-37.738,-7.66],[-37.782,-7.626],[-37.858,-7.653],[-37.971,-7.777],[-38.039,-7.748],[-38.077,-7.83],[-38.164,-7.78],[-38.286,-7.83],[-38.312,-7.716],[-38.357,-7.677],[-38.409,-7.73],[-38.593,-7.754],[-38.718,-7.609],[-38.655,-7.565],[-38.645,-7.46],[-38.585,-7.434],[-38.534,-7.293],[-38.551,-7.243],[-38.595,-7.246],[-38.626,-7.191],[-38.687,-7.19],[-38.669,-7.047],[-38.765,-6.994],[-38.743,-6.975],[-38.765,-6.911],[-38.675,-6.861],[-38.614,-6.783],[-38.673,-6.697],[-38.612,-6.513],[-38.518,-6.408],[-38.602,-6.389],[-38.457,-6.329],[-38.486,-6.398],[-38.401,-6.41],[-38.288,-6.505],[-38.239,-6.48],[-38.115,-6.521],[-38.051,-6.442],[-38.012,-6.468],[-38.013,-6.427],[-37.955,-6.398],[-37.928,-6.421],[-37.886,-6.397],[-37.888,-6.364],[-37.841,-6.363],[-37.81,-6.291],[-37.757,-6.29],[-37.776,-6.245],[-37.749,-6.193],[-37.459,-6.145],[-37.445,-6.112],[-37.227,-6.035]]],[[[-34.861633,-6.982025],[-34.856522,-6.983376],[-34.850172,-6.982006],[-34.847864,-6.981508],[-34.847366,-6.983874],[-34.847013,-6.985548],[-34.84932,-6.999571],[-34.852371,-7.006717],[-34.855448,-7.011257],[-34.859892,-7.013618],[-34.862033,-7.010575],[-34.864566,-7.005357],[-34.866066,-6.998318],[-34.866544,-6.995168],[-34.867212,-6.991403],[-34.867128,-6.987133],[-34.86458,-6.980776],[-34.861633,-6.982025]]]]}},{"type":"Feature","properties":{"name":"PE","nome":"Pernambuco"},"geometry":{"type":"MultiPolygon","coordinates":[[[[-37.177,-7.309],[-37.026,-7.388],[-36.984,-7.482],[-37.168,-7.581],[-37.195,-7.652],[-37.139,-7.745],[-37.152,-7.779],[-37.243,-7.819],[-37.222,-7.842],[-37.244,-7.874],[-37.322,-7.911],[-37.309,-7.934],[-37.355,-7.975],[-37.192,-7.96],[-37.149,-8.023],[-37.163,-8.165],[-37.122,-8.174],[-37.088,-8.255],[-36.991,-8.303],[-36.628,-8.111],[-36.657,-8.08],[-36.611,-7.948],[-36.576,-7.959],[-36.552,-7.898],[-36.445,-7.915],[-36.424,-7.815],[-36.263,-7.831],[-36.216,-7.764],[-36.201,-7.789],[-36.07,-7.78],[-35.998,-7.813],[-35.653,-7.695],[-35.61,-7.654],[-35.532,-7.654],[-35.515,-7.585],[-35.536,-7.58],[-35.479,-7.445],[-35.421,-7.474],[-35.243,-7.374],[-35.079,-7.397],[-34.987,-7.463],[-34.96,-7.538],[-34.84,-7.543],[-34.807,-7.625],[-34.846,-7.688],[-34.822,-7.743],[-34.847,-7.816],[-34.819,-7.917],[-34.837,-8.006],[-34.94,-8.254],[-35.004,-8.566],[-35.066,-8.644],[-35.152,-8.913],[-35.45,-8.841],[-35.467,-8.815],[-35.748,-8.917],[-35.787,-8.851],[-35.896,-8.854],[-36.126,-8.956],[-36.111,-9.017],[-36.266,-9.102],[-36.224,-9.171],[-36.309,-9.172],[-36.365,-9.222],[-36.437,-9.212],[-36.604,-9.341],[-36.693,-9.275],[-36.797,-9.293],[-36.868,-9.268],[-36.915,-9.299],[-36.952,-9.382],[-37.058,-9.317],[-37.057,-9.281],[-37.106,-9.239],[-37.164,-9.275],[-37.159,-9.239],[-37.198,-9.215],[-37.234,-9.24],[-37.315,-9.094],[-37.469,-9.027],[-37.49,-8.965],[-37.583,-8.97],[-37.643,-9.018],[-37.661,-8.987],[-37.698,-8.992],[-37.684,-8.967],[-37.76,-8.857],[-37.829,-8.893],[-37.839,-8.978],[-37.979,-9.148],[-38.092,-9.172],[-38.237,-9.329],[-38.318,-9.141],[-38.296,-9.022],[-38.32,-8.991],[-38.408,-9.038],[-38.483,-9.001],[-38.519,-8.948],[-38.473,-8.889],[-38.479,-8.85],[-38.571,-8.831],[-38.64,-8.987],[-38.686,-8.951],[-38.706,-8.862],[-38.798,-8.792],[-38.953,-8.803],[-39.032,-8.737],[-39.169,-8.692],[-39.223,-8.711],[-39.282,-8.568],[-39.383,-8.533],[-39.607,-8.656],[-39.691,-8.662],[-39.691,-8.797],[-39.894,-8.831],[-39.874,-8.931],[-39.958,-9.048],[-40.065,-9.063],[-40.128,-9.109],[-40.25,-9.06],[-40.335,-9.353],[-40.371,-9.378],[-40.421,-9.352],[-40.468,-9.42],[-40.529,-9.414],[-40.623,-9.482],[-40.776,-9.454],[-40.742,-9.4],[-40.755,-9.313],[-40.686,-9.276],[-40.667,-9.159],[-40.82,-9.08],[-40.921,-8.835],[-41.021,-8.843],[-41.036,-8.785],[-41.124,-8.752],[-41.113,-8.704],[-41.227,-8.704],[-41.281,-8.736],[-41.358,-8.707],[-41.217,-8.645],[-41.212,-8.602],[-41.098,-8.52],[-41.079,-8.472],[-41.051,-8.48],[-41.0,-8.4],[-40.926,-8.446],[-40.893,-8.357],[-40.837,-8.381],[-40.819,-8.322],[-40.779,-8.302],[-40.782,-8.255],[-40.709,-8.223],[-40.633,-8.139],[-40.589,-8.138],[-40.543,-7.835],[-40.673,-7.761],[-40.644,-7.607],[-40.713,-7.473],[-40.548,-7.392],[-40.319,-7.374],[-40.246,-7.433],[-39.961,-7.389],[-39.915,-7.338],[-39.662,-7.31],[-39.317,-7.541],[-39.278,-7.607],[-39.307,-7.665],[-39.272,-7.66],[-39.252,-7.705],[-39.208,-7.689],[-39.135,-7.723],[-39.091,-7.858],[-39.017,-7.814],[-38.966,-7.845],[-38.939,-7.758],[-38.881,-7.747],[-38.869,-7.711],[-38.83,-7.72],[-38.819,-7.664],[-38.742,-7.66],[-38.715,-7.622],[-38.593,-7.754],[-38.409,-7.73],[-38.357,-7.677],[-38.312,-7.716],[-38.286,-7.83],[-38.164,-7.78],[-38.077,-7.83],[-38.039,-7.748],[-37.971,-7.777],[-37.858,-7.653],[-37.782,-7.626],[-37.738,-7.66],[-37.755,-7.619],[-37.706,-7.55],[-37.533,-7.473],[-37.497,-7.367],[-37.385,-7.356],[-37.331,-7.289],[-37.276,-7.275],[-37.177,-7.309]]],[[[-32.407,-3.838],[-32.391,-3.851],[-32.424,-3.878],[-32.468,-3.877],[-32.407,-3.838]]],[[[-32.400572,-3.836927],[-32.399979,-3.831928],[-32.398484,-3.830606],[-32.397345,-3.833368],[-32.400572,-3.836927]]]]}},{"type":"Feature","properties":{"name":"PI","nome":"Piauí"},"geometry":{"type":"MultiPolygon","coordinates":[[[[-41.739,-2.806],[-41.593,-2.905],[-41.322,-2.921],[-41.257,-3.004],[-41.256,-3.088],[-41.319,-3.145],[-41.423,-3.368],[-41.348,-3.414],[-41.328,-3.488],[-41.299,-3.491],[-41.37,-3.567],[-41.331,-3.624],[-41.341,-3.68],[-41.239,-3.712],[-41.3,-3.826],[-41.276,-3.825],[-41.22,-3.941],[-41.254,-4.035],[-41.114,-4.04],[-41.143,-4.124],[-41.091,-4.17],[-41.136,-4.233],[-41.12,-4.33],[-41.19,-4.515],[-41.242,-4.571],[-41.174,-4.667],[-41.25,-4.756],[-41.208,-4.776],[-41.249,-4.869],[-41.22,-4.937],[-41.137,-4.985],[-41.131,-5.048],[-40.925,-5.181],[-40.936,-5.366],[-40.911,-5.407],[-40.942,-5.42],[-40.901,-5.615],[-40.938,-5.673],[-40.874,-5.974],[-40.907,-6.041],[-40.873,-6.056],[-40.852,-6.224],[-40.781,-6.324],[-40.792,-6.512],[-40.722,-6.617],[-40.732,-6.654],[-40.476,-6.734],[-40.432,-6.813],[-40.37,-6.803],[-40.428,-6.864],[-40.429,-6.994],[-40.406,-7.005],[-40.489,-7.118],[-40.548,-7.392],[-40.713,-7.473],[-40.644,-7.607],[-40.673,-7.761],[-40.543,-7.835],[-40.589,-8.138],[-40.633,-8.139],[-40.709,-8.223],[-40.782,-8.255],[-40.819,-8.362],[-40.893,-8.357],[-40.926,-8.446],[-41.0,-8.4],[-41.051,-8.48],[-41.079,-8.472],[-41.098,-8.52],[-41.212,-8.602],[-41.217,-8.645],[-41.382,-8.708],[-41.544,-8.96],[-41.605,-8.957],[-41.723,-9.013],[-41.735,-9.094],[-41.8,-9.148],[-41.838,-9.242],[-41.918,-9.278],[-42.021,-9.25],[-42.243,-9.289],[-42.319,-9.32],[-42.492,-9.493],[-42.586,-9.496],[-42.621,-9.541],[-42.72,-9.531],[-42.765,-9.616],[-42.82,-9.619],[-42.837,-9.55],[-42.871,-9.564],[-42.946,-9.518],[-42.971,-9.408],[-43.057,-9.417],[-43.12,-9.372],[-43.191,-9.42],[-43.218,-9.4],[-43.278,-9.424],[-43.427,-9.272],[-43.485,-9.265],[-43.686,-9.418],[-43.769,-9.442],[-43.849,-9.548],[-43.785,-9.762],[-43.653,-9.839],[-43.709,-9.913],[-43.662,-10.004],[-43.693,-10.077],[-43.766,-10.08],[-43.779,-10.18],[-43.917,-10.424],[-44.029,-10.416],[-44.073,-10.58],[-44.13,-10.633],[-44.264,-10.624],[-44.335,-10.549],[-44.502,-10.649],[-44.577,-10.626],[-44.667,-10.686],[-44.667,-10.76],[-44.751,-10.782],[-44.845,-10.899],[-44.931,-10.928],[-45.073,-10.84],[-45.248,-10.822],[-45.436,-10.619],[-45.447,-10.507],[-45.396,-10.446],[-45.43,-10.359],[-45.567,-10.201],[-45.579,-10.122],[-45.726,-10.156],[-45.733,-10.228],[-45.793,-10.267],[-45.877,-10.239],[-45.946,-10.258],[-45.955,-10.218],[-45.878,-10.11],[-45.842,-9.941],[-45.866,-9.87],[-45.821,-9.773],[-45.841,-9.562],[-45.783,-9.48],[-45.824,-9.375],[-45.893,-9.342],[-45.897,-9.186],[-45.994,-8.926],[-45.935,-8.779],[-45.84,-8.715],[-45.815,-8.633],[-45.765,-8.609],[-45.793,-8.584],[-45.738,-8.501],[-45.73,-8.412],[-45.661,-8.25],[-45.581,-8.156],[-45.576,-8.029],[-45.549,-8.014],[-45.567,-7.997],[-45.52,-7.888],[-45.54,-7.864],[-45.496,-7.75],[-45.456,-7.67],[-45.339,-7.58],[-44.924,-7.47],[-44.816,-7.361],[-44.688,-7.394],[-44.564,-7.227],[-44.38,-7.119],[-44.306,-7.117],[-44.262,-6.998],[-44.119,-6.832],[-44.103,-6.853],[-44.114,-6.805],[-44.069,-6.821],[-44.053,-6.768],[-43.961,-6.742],[-43.928,-6.771],[-43.795,-6.703],[-43.716,-6.699],[-43.56,-6.75],[-43.482,-6.835],[-43.42,-6.843],[-43.244,-6.766],[-43.146,-6.783],[-43.082,-6.748],[-43.001,-6.754],[-42.919,-6.67],[-42.871,-6.512],[-42.877,-6.417],[-42.829,-6.337],[-42.86,-6.33],[-42.867,-6.234],[-42.968,-6.178],[-42.982,-6.129],[-43.075,-6.054],[-43.049,-5.993],[-43.099,-5.901],[-43.077,-5.865],[-43.099,-5.633],[-43.034,-5.592],[-42.962,-5.446],[-42.826,-5.347],[-42.827,-5.233],[-42.798,-5.183],[-42.854,-4.937],[-42.949,-4.79],[-42.92,-4.736],[-42.954,-4.689],[-42.874,-4.582],[-42.85,-4.481],[-42.887,-4.411],[-42.963,-4.376],[-42.989,-4.234],[-42.936,-4.161],[-42.888,-4.155],[-42.903,-4.124],[-42.823,-3.992],[-42.726,-3.91],[-42.668,-3.791],[-42.675,-3.675],[-42.498,-3.447],[-42.458,-3.485],[-42.33,-3.434],[-42.204,-3.435],[-42.096,-3.304],[-42.135,-3.281],[-42.0,-3.241],[-41.964,-3.179],[-41.939,-3.187],[-41.922,-3.108],[-41.824,-3.024],[-41.796,-2.966],[-41.865,-2.875],[-41.849,-2.773],[-41.814,-2.739],[-41.739,-2.806]]]]}},{"type":"Feature","properties":{"name":"PR","nome":"Paraná"},"geometry":{"type":"MultiPolygon","coordinates":[[[[-52.064,-22.534],[-51.94,-22.567],[-51.873,-22.628],[-51.753,-22.617],[-51.718,-22.669],[-51.628,-22.658],[-51.559,-22.697],[-51.446,-22.653],[-51.263,-22.669],[-51.154,-22.752],[-50.89,-22.795],[-50.792,-22.894],[-50.806,-22.94],[-50.741,-22.961],[-50.662,-22.895],[-50.608,-22.923],[-50.541,-22.912],[-50.504,-22.946],[-50.427,-22.945],[-50.38,-22.904],[-50.34,-22.948],[-50.183,-22.953],[-50.046,-22.902],[-49.996,-22.929],[-49.986,-22.897],[-49.972,-22.959],[-49.901,-22.999],[-49.911,-23.051],[-49.727,-23.108],[-49.625,-23.286],[-49.637,-23.349],[-49.595,-23.366],[-49.619,-23.396],[-49.567,-23.427],[-49.629,-23.512],[-49.6,-23.535],[-49.617,-23.639],[-49.549,-23.703],[-49.562,-23.818],[-49.61,-23.851],[-49.557,-23.922],[-49.511,-23.925],[-49.516,-23.969],[-49.43,-24.087],[-49.337,-24.137],[-49.355,-24.211],[-49.283,-24.308],[-49.2,-24.344],[-49.253,-24.407],[-49.247,-24.469],[-49.295,-24.501],[-49.281,-24.537],[-49.315,-24.555],[-49.305,-24.672],[-49.208,-24.7],[-49.185,-24.672],[-49.055,-24.682],[-49.042,-24.64],[-49.004,-24.634],[-48.958,-24.685],[-48.828,-24.655],[-48.778,-24.696],[-48.676,-24.671],[-48.661,-24.706],[-48.581,-24.671],[-48.499,-24.738],[-48.555,-24.806],[-48.567,-24.972],[-48.597,-25.003],[-48.556,-25.084],[-48.528,-25.1],[-48.474,-25.012],[-48.411,-24.98],[-48.324,-25.036],[-48.333,-25.07],[-48.251,-24.978],[-48.156,-25.144],[-48.187,-25.198],[-48.114,-25.25],[-48.023,-25.23],[-48.208,-25.46],[-48.309,-25.493],[-48.276,-25.514],[-48.298,-25.567],[-48.439,-25.654],[-48.535,-25.85],[-48.564,-25.857],[-48.59,-25.976],[-48.643,-25.956],[-48.68,-25.981],[-48.96,-25.979],[-49.055,-26.02],[-49.175,-26.001],[-49.37,-26.155],[-49.459,-26.162],[-49.496,-26.221],[-49.555,-26.237],[-49.689,-26.188],[-49.71,-26.154],[-49.727,-26.17],[-49.768,-26.104],[-49.843,-26.072],[-49.832,-26.053],[-49.942,-26.008],[-49.972,-26.058],[-49.964,-26.025],[-49.993,-26.011],[-50.006,-26.045],[-50.078,-26.046],[-50.084,-26.023],[-50.121,-26.064],[-50.171,-26.025],[-50.182,-26.078],[-50.251,-26.03],[-50.332,-26.083],[-50.323,-26.134],[-50.459,-26.027],[-50.549,-26.039],[-50.571,-26.003],[-50.592,-26.042],[-50.553,-26.055],[-50.628,-26.063],[-50.648,-26.126],[-50.731,-26.203],[-50.718,-26.244],[-50.793,-26.227],[-50.839,-26.271],[-50.869,-26.242],[-50.9,-26.289],[-50.935,-26.233],[-50.944,-26.282],[-51.0,-26.23],[-51.083,-26.228],[-51.104,-26.275],[-51.243,-26.324],[-51.297,-26.419],[-51.253,-26.463],[-51.274,-26.497],[-51.223,-26.55],[-51.228,-26.616],[-51.283,-26.653],[-51.391,-26.663],[-51.411,-26.717],[-51.51,-26.582],[-51.665,-26.566],[-51.873,-26.6],[-52.011,-26.566],[-52.185,-26.445],[-52.282,-26.462],[-52.401,-26.423],[-52.461,-26.439],[-52.522,-26.401],[-52.601,-26.414],[-52.737,-26.342],[-52.99,-26.347],[-53.09,-26.39],[-53.252,-26.299],[-53.281,-26.247],[-53.375,-26.242],[-53.461,-26.295],[-53.551,-26.292],[-53.586,-26.255],[-53.643,-26.252],[-53.651,-26.194],[-53.741,-26.116],[-53.734,-26.043],[-53.834,-25.97],[-53.819,-25.898],[-53.849,-25.884],[-53.823,-25.872],[-53.849,-25.836],[-53.822,-25.792],[-53.877,-25.708],[-53.842,-25.688],[-53.892,-25.622],[-53.947,-25.611],[-53.956,-25.645],[-54.01,-25.567],[-54.05,-25.585],[-54.079,-25.559],[-54.098,-25.618],[-54.123,-25.571],[-54.099,-25.495],[-54.206,-25.542],[-54.178,-25.584],[-54.23,-25.562],[-54.249,-25.597],[-54.286,-25.557],[-54.346,-25.607],[-54.378,-25.594],[-54.429,-25.695],[-54.5,-25.614],[-54.593,-25.592],[-54.617,-25.453],[-54.43,-25.159],[-54.461,-25.094],[-54.441,-24.949],[-54.325,-24.661],[-54.327,-24.47],[-54.258,-24.362],[-54.323,-24.249],[-54.341,-24.129],[-54.099,-23.946],[-53.982,-23.46],[-53.771,-23.372],[-53.73,-23.317],[-53.636,-23.125],[-53.607,-22.951],[-53.354,-22.777],[-53.201,-22.728],[-53.105,-22.621],[-53.087,-22.658],[-52.972,-22.57],[-52.701,-22.627],[-52.586,-22.566],[-52.503,-22.634],[-52.435,-22.607],[-52.304,-22.636],[-52.25,-22.615],[-52.223,-22.674],[-52.156,-22.644],[-52.125,-22.519],[-52.064,-22.534]]]]}},{"type":"Feature","properties":{"name":"RJ","nome":"Rio de Janeiro"},"geometry":{"type":"MultiPolygon","coordinates":[[[[-44.513,-23.293],[-44.591,-23.362],[-44.64,-23.333],[-44.724,-23.368],[-44.875,-23.249],[-44.873,-23.184],[-44.811,-23.125],[-44.802,-22.999],[-44.711,-22.929],[-44.494,-22.846],[-44.467,-22.885],[-44.413,-22.848],[-44.27,-22.83],[-44.25,-22.757],[-44.161,-22.678],[-44.226,-22.604],[-44.343,-22.588],[-44.356,-22.614],[-44.384,-22.573],[-44.406,-22.607],[-44.487,-22.606],[-44.508,-22.64],[-44.549,-22.606],[-44.633,-22.609],[-44.641,-22.559],[-44.715,-22.514],[-44.74,-22.426],[-44.809,-22.405],[-44.793,-22.387],[-44.724,-22.359],[-44.66,-22.379],[-44.626,-22.336],[-44.533,-22.33],[-44.432,-22.251],[-44.235,-22.266],[-44.1,-22.173],[-43.766,-22.062],[-43.734,-22.096],[-43.691,-22.07],[-43.612,-22.081],[-43.586,-22.052],[-43.562,-22.087],[-43.513,-22.059],[-43.462,-22.072],[-43.346,-22.003],[-43.246,-22.007],[-43.202,-22.037],[-43.131,-22.029],[-43.136,-22.109],[-43.073,-22.093],[-42.882,-21.96],[-42.271,-21.715],[-42.275,-21.676],[-42.365,-21.646],[-42.369,-21.619],[-42.252,-21.49],[-42.292,-21.46],[-42.279,-21.41],[-42.239,-21.401],[-42.229,-21.284],[-42.189,-21.249],[-42.208,-21.178],[-42.08,-21.035],[-42.151,-20.974],[-42.093,-20.936],[-41.976,-20.935],[-41.928,-20.794],[-41.875,-20.766],[-41.755,-20.807],[-41.741,-20.871],[-41.712,-20.871],[-41.736,-20.928],[-41.718,-21.123],[-41.277,-21.24],[-41.092,-21.218],[-40.957,-21.303],[-40.96,-21.361],[-41.074,-21.515],[-41.056,-21.585],[-41.01,-21.611],[-41.026,-21.721],[-40.985,-21.999],[-41.203,-22.132],[-41.689,-22.3],[-41.862,-22.477],[-41.96,-22.534],[-41.998,-22.608],[-41.985,-22.717],[-41.931,-22.768],[-41.864,-22.754],[-41.97,-22.821],[-41.981,-22.872],[-42.031,-22.904],[-42.026,-22.956],[-41.997,-22.96],[-42.013,-22.997],[-42.076,-22.955],[-42.517,-22.932],[-43.051,-22.982],[-43.135,-22.938],[-43.095,-22.926],[-43.135,-22.883],[-43.026,-22.742],[-43.032,-22.692],[-43.085,-22.677],[-43.278,-22.78],[-43.238,-22.877],[-43.162,-22.904],[-43.18,-22.948],[-43.15,-22.95],[-43.286,-23.016],[-43.444,-23.022],[-43.553,-23.076],[-43.56,-23.046],[-43.711,-23.056],[-43.614,-23.031],[-43.573,-23.05],[-43.775,-22.921],[-43.841,-22.929],[-43.856,-22.902],[-44.003,-22.938],[-44.047,-22.984],[-44.046,-22.938],[-44.11,-23.023],[-44.194,-23.054],[-44.25,-23.05],[-44.221,-23.017],[-44.248,-22.996],[-44.35,-23.03],[-44.354,-22.998],[-44.299,-22.958],[-44.336,-22.964],[-44.32,-22.937],[-44.344,-22.922],[-44.384,-22.972],[-44.422,-22.95],[-44.445,-23.027],[-44.476,-23.006],[-44.599,-23.063],[-44.668,-23.054],[-44.712,-23.233],[-44.643,-23.185],[-44.624,-23.221],[-44.662,-23.214],[-44.692,-23.253],[-44.613,-23.234],[-44.655,-23.295],[-44.56,-23.227],[-44.584,-23.266],[-44.513,-23.293]],[[-43.36,-22.993],[-43.301,-23.009],[-43.363,-22.974],[-43.412,-22.985],[-43.36,-22.993]]],[[[-44.233,-23.089],[-44.165,-23.142],[-44.127,-23.12],[-44.141,-23.156],[-44.095,-23.175],[-44.251,-23.205],[-44.302,-23.178],[-44.349,-23.226],[-44.342,-23.181],[-44.377,-23.172],[-44.233,-23.089]]],[[[-43.828,-23.057],[-43.778,-23.06],[-43.986,-23.102],[-44.012,-23.078],[-43.955,-23.04],[-43.885,-23.067],[-43.907,-23.026],[-43.828,-23.057]]],[[[-43.182,-22.781],[-43.157,-22.778],[-43.172,-22.83],[-43.264,-22.81],[-43.182,-22.781]]],[[[-43.913,-22.939],[-43.868,-22.926],[-43.896,-22.958],[-43.913,-22.939]]],[[[-43.238,-22.862],[-43.229,-22.836],[-43.214,-22.866],[-43.238,-22.862]]],[[[-43.929349,-23.006708],[-43.934009,-23.014671],[-43.936907,-23.004451],[-43.936714,-22.997796],[-43.931305,-22.995268],[-43.927727,-22.988872],[-43.920048,-22.987259],[-43.916896,-22.9933],[-43.925471,-22.999957],[-43.929349,-23.006708]]],[[[-44.588209,-23.20618],[-44.583765,-23.20366],[-44.585916,-23.209049],[-44.58808,-23.211014],[-44.599103,-23.216787],[-44.602603,-23.222559],[-44.613089,-23.22373],[-44.618563,-23.222691],[-44.619277,-23.222556],[-44.618842,-23.22234],[-44.60445,-23.215234],[-44.593695,-23.202173],[-44.588209,-23.20618]]],[[[-44.045854,-22.999599],[-44.039323,-22.997486],[-44.034458,-22.995913],[-44.030839,-23.003928],[-44.029526,-23.00689],[-44.037728,-23.010732],[-44.042448,-23.005878],[-44.047052,-23.010665],[-44.049172,-23.008254],[-44.052137,-23.004693],[-44.049156,-23.000667],[-44.045854,-22.999599]]],[[[-44.687442,-23.164206],[-44.691804,-23.169414],[-44.694983,-23.160278],[-44.694141,-23.155953],[-44.689511,-23.154003],[-44.683615,-23.151634],[-44.681724,-23.157219],[-44.687442,-23.164206]]],[[[-41.698311,-22.410062],[-41.694879,-22.416666],[-41.702165,-22.416268],[-41.705353,-22.410424],[-41.70541,-22.407224],[-41.697103,-22.402875],[-41.693611,-22.407255],[-41.698311,-22.410062]]],[[[-44.512726,-23.292935],[-44.50518,-23.291396],[-44.502444,-23.29635],[-44.50933,-23.301351],[-44.512726,-23.292935]]],[[[-43.110533,-22.761512],[-43.10855,-22.758473],[-43.104749,-22.76231],[-43.102821,-22.764684],[-43.108429,-22.769262],[-43.112834,-22.767346],[-43.110533,-22.761512]]],[[[-43.10855,-22.758473],[-43.111782,-22.753285],[-43.10829,-22.747727],[-43.104397,-22.748391],[-43.102875,-22.75266],[-43.105024,-22.755155],[-43.10855,-22.758473]]],[[[-43.177351,-22.895572],[-43.174609,-22.892784],[-43.166958,-22.895035],[-43.171695,-22.897727],[-43.177351,-22.895572]]],[[[-44.644679,-23.073814],[-44.642328,-23.067874],[-44.640043,-23.069714],[-44.635569,-23.067957],[-44.641607,-23.074504],[-44.644679,-23.073814]]],[[[-43.861178,-22.952425],[-43.860183,-22.949594],[-43.855924,-22.949816],[-43.857964,-22.954501],[-43.863357,-22.955275],[-43.861178,-22.952425]]],[[[-41.686751,-22.401743],[-41.690366,-22.402326],[-41.691219,-22.398672],[-41.685683,-22.396626],[-41.686751,-22.401743]]],[[[-44.583765,-23.20366],[-44.583711,-23.200515],[-44.580463,-23.198522],[-44.579133,-23.203001],[-44.583765,-23.20366]]],[[[-44.576304,-23.185972],[-44.573066,-23.18351],[-44.57284,-23.18893],[-44.576376,-23.189839],[-44.576304,-23.185972]]],[[[-43.909974,-22.983026],[-43.912946,-22.98303],[-43.914255,-22.979799],[-43.908054,-22.979438],[-43.909974,-22.983026]]],[[[-44.64635,-23.226778],[-44.639698,-23.228174],[-44.649005,-23.23063],[-44.64635,-23.226778]]],[[[-41.886592,-22.776935],[-41.883796,-22.780103],[-41.882438,-22.782728],[-41.881836,-22.783893],[-41.883694,-22.784159],[-41.884995,-22.784346],[-41.886592,-22.776935]]],[[[-44.129227,-23.035366],[-44.123726,-23.039621],[-44.128785,-23.040825],[-44.129227,-23.035366]]],[[[-43.920054,-22.941608],[-43.913351,-22.93897],[-43.916081,-22.942141],[-43.920396,-22.944507],[-43.920054,-22.941608]]],[[[-43.514413,-23.065268],[-43.511404,-23.060728],[-43.508372,-23.064533],[-43.514413,-23.065268]]],[[[-43.148184,-23.059917],[-43.142212,-23.065399],[-43.146738,-23.065053],[-43.148184,-23.059917]]],[[[-44.639698,-23.228174],[-44.636513,-23.223835],[-44.633615,-23.225338],[-44.639698,-23.228174]]],[[[-43.943721,-23.023293],[-43.946962,-23.023859],[-43.943681,-23.019612],[-43.943721,-23.023293]]],[[[-44.692811,-23.215421],[-44.689403,-23.214393],[-44.69085,-23.217979],[-44.692811,-23.215421]]],[[[-43.953848,-23.004999],[-43.950219,-23.005693],[-43.951708,-23.008218],[-43.953848,-23.004999]]],[[[-43.207898,-23.040543],[-43.206316,-23.037953],[-43.202163,-23.037408],[-43.207898,-23.040543]]],[[[-44.672432,-23.099449],[-44.671866,-23.09621],[-44.669117,-23.097726],[-44.672432,-23.099449]]],[[[-43.953679,-23.025037],[-43.952735,-23.022101],[-43.950736,-23.024879],[-43.953679,-23.025037]]],[[[-43.861226,-22.946858],[-43.860183,-22.949594],[-43.863235,-22.949314],[-43.861226,-22.946858]]],[[[-44.675081,-23.111113],[-44.672353,-23.111869],[-44.674697,-23.11399],[-44.675081,-23.111113]]]]}},{"type":"Feature","properties":{"name":"RN","nome":"Rio Grande do Norte"},"geometry":{"type":"MultiPolygon","coordinates":[[[[-37.152,-4.935],[-37.038,-4.951],[-36.962,-4.919],[-36.689,-5.092],[-36.483,-5.062],[-36.308,-5.103],[-36.151,-5.095],[-35.974,-5.042],[-35.489,-5.158],[-35.389,-5.257],[-35.261,-5.48],[-35.193,-5.698],[-35.179,-5.868],[-35.107,-6.006],[-35.094,-6.182],[-35.037,-6.236],[-35.03,-6.344],[-34.992,-6.373],[-34.969,-6.488],[-35.057,-6.527],[-35.095,-6.497],[-35.17,-6.558],[-35.222,-6.516],[-35.33,-6.544],[-35.442,-6.479],[-35.559,-6.492],[-35.658,-6.446],[-35.773,-6.482],[-35.977,-6.489],[-36.08,-6.405],[-36.249,-6.437],[-36.251,-6.404],[-36.295,-6.393],[-36.279,-6.308],[-36.307,-6.281],[-36.362,-6.31],[-36.394,-6.294],[-36.43,-6.362],[-36.499,-6.358],[-36.529,-6.447],[-36.525,-6.501],[-36.443,-6.56],[-36.435,-6.625],[-36.524,-6.599],[-36.557,-6.71],[-36.504,-6.756],[-36.507,-6.813],[-36.569,-6.848],[-36.609,-6.936],[-36.688,-6.927],[-36.718,-6.982],[-36.766,-6.935],[-36.73,-6.836],[-36.769,-6.838],[-36.772,-6.787],[-36.835,-6.731],[-36.957,-6.79],[-37.002,-6.709],[-37.19,-6.825],[-37.234,-6.824],[-37.283,-6.694],[-37.484,-6.71],[-37.483,-6.55],[-37.396,-6.514],[-37.364,-6.324],[-37.274,-6.281],[-37.251,-6.226],[-37.165,-6.17],[-37.174,-6.048],[-37.255,-6.028],[-37.445,-6.112],[-37.459,-6.145],[-37.749,-6.193],[-37.776,-6.245],[-37.757,-6.29],[-37.81,-6.291],[-37.841,-6.363],[-37.888,-6.364],[-37.886,-6.397],[-37.928,-6.421],[-37.955,-6.398],[-38.013,-6.427],[-38.012,-6.468],[-38.051,-6.442],[-38.115,-6.521],[-38.239,-6.48],[-38.288,-6.505],[-38.401,-6.41],[-38.486,-6.398],[-38.457,-6.329],[-38.577,-6.347],[-38.578,-6.28],[-38.447,-6.085],[-38.401,-6.053],[-38.365,-6.088],[-38.277,-6.07],[-38.244,-5.999],[-38.125,-5.887],[-38.047,-5.73],[-38.089,-5.728],[-38.082,-5.672],[-37.902,-5.497],[-37.847,-5.34],[-37.783,-5.294],[-37.765,-5.139],[-37.724,-5.069],[-37.677,-5.053],[-37.64,-4.926],[-37.252,-4.832],[-37.152,-4.935]]]]}},{"type":"Feature","properties":{"name":"RO","nome":"Rondônia"},"geometry":{"type":"MultiPolygon","coordinates":[[[[-66.459,-9.875],[-66.581,-9.904],[-66.806,-9.814],[-66.775,-9.753],[-66.725,-9.756],[-66.609,-9.665],[-66.5,-9.633],[-66.392,-9.5],[-66.408,-9.407],[-66.307,-9.436],[-66.267,-9.409],[-66.173,-9.434],[-66.123,-9.408],[-65.97,-9.413],[-65.791,-9.585],[-65.723,-9.559],[-65.679,-9.451],[-65.596,-9.413],[-65.492,-9.473],[-65.434,-9.466],[-65.447,-9.316],[-65.385,-9.338],[-65.246,-9.257],[-65.208,-9.285],[-65.184,-9.427],[-65.097,-9.432],[-64.936,-9.255],[-64.917,-9.043],[-64.839,-8.994],[-64.611,-9.016],[-64.323,-8.928],[-64.311,-8.996],[-64.143,-8.953],[-64.143,-8.743],[-64.124,-8.716],[-64.027,-8.715],[-63.986,-8.585],[-63.945,-8.609],[-63.924,-8.575],[-63.974,-8.487],[-63.94,-8.452],[-63.977,-8.42],[-63.944,-8.331],[-63.87,-8.288],[-63.773,-8.32],[-63.722,-8.249],[-63.747,-8.198],[-63.669,-8.121],[-63.62,-7.969],[-62.866,-7.975],[-62.692,-8.093],[-62.686,-8.173],[-62.649,-8.237],[-62.561,-8.284],[-62.526,-8.383],[-62.465,-8.339],[-62.367,-8.389],[-62.341,-8.602],[-62.281,-8.638],[-62.293,-8.596],[-62.268,-8.575],[-62.188,-8.59],[-62.176,-8.637],[-62.2,-8.644],[-62.124,-8.801],[-62.031,-8.799],[-61.985,-8.878],[-61.905,-8.874],[-61.859,-8.853],[-61.836,-8.732],[-61.774,-8.748],[-61.713,-8.687],[-61.63,-8.722],[-61.605,-8.794],[-61.526,-8.816],[-61.468,-8.917],[-61.554,-9.09],[-61.526,-9.244],[-61.632,-9.266],[-61.625,-9.363],[-61.552,-9.387],[-61.578,-9.471],[-61.526,-9.501],[-61.549,-9.515],[-61.513,-9.528],[-61.477,-9.627],[-61.505,-9.691],[-61.574,-9.717],[-61.531,-9.74],[-61.547,-9.787],[-61.507,-9.861],[-61.6,-10.154],[-61.551,-10.197],[-61.577,-10.226],[-61.553,-10.307],[-61.461,-10.42],[-61.498,-10.688],[-61.473,-10.797],[-61.51,-10.794],[-61.519,-10.949],[-61.55,-10.986],[-60.46,-10.989],[-60.446,-11.042],[-60.347,-11.109],[-60.348,-11.074],[-60.301,-11.057],[-60.27,-11.098],[-60.204,-11.112],[-59.986,-11.114],[-59.981,-11.233],[-59.927,-11.31],[-59.92,-11.398],[-60.114,-11.591],[-60.108,-11.839],[-60.076,-11.885],[-59.985,-11.914],[-59.979,-12.029],[-59.901,-12.115],[-59.892,-12.245],[-59.774,-12.341],[-59.855,-12.478],[-59.935,-12.487],[-60.068,-12.616],[-60.079,-12.881],[-60.117,-12.959],[-60.189,-12.971],[-60.282,-13.08],[-60.268,-13.145],[-60.364,-13.3],[-60.387,-13.454],[-60.632,-13.571],[-60.708,-13.692],[-60.879,-13.617],[-60.922,-13.54],[-61.006,-13.547],[-60.988,-13.5],[-61.014,-13.487],[-61.06,-13.511],[-61.09,-13.492],[-61.105,-13.531],[-61.183,-13.507],[-61.194,-13.536],[-61.296,-13.477],[-61.469,-13.555],[-61.569,-13.518],[-61.576,-13.488],[-61.84,-13.548],[-61.892,-13.43],[-61.97,-13.406],[-62.013,-13.33],[-62.115,-13.258],[-62.115,-13.163],[-62.149,-13.162],[-62.17,-13.113],[-62.19,-13.153],[-62.214,-13.111],[-62.271,-13.155],[-62.391,-13.134],[-62.453,-13.064],[-62.502,-13.083],[-62.609,-13.042],[-62.601,-13.012],[-62.65,-12.965],[-62.729,-13.02],[-62.778,-13.009],[-62.891,-12.858],[-63.008,-12.837],[-63.08,-12.724],[-63.062,-12.685],[-63.157,-12.613],[-63.243,-12.662],[-63.235,-12.689],[-63.295,-12.681],[-63.439,-12.606],[-63.434,-12.566],[-63.501,-12.567],[-63.621,-12.472],[-63.786,-12.427],[-63.835,-12.462],[-63.888,-12.449],[-63.9,-12.506],[-63.956,-12.53],[-64.094,-12.484],[-64.122,-12.505],[-64.134,-12.476],[-64.163,-12.514],[-64.172,-12.467],[-64.231,-12.455],[-64.291,-12.5],[-64.29,-12.46],[-64.405,-12.446],[-64.504,-12.36],[-64.506,-12.227],[-64.547,-12.242],[-64.712,-12.174],[-64.708,-12.086],[-64.757,-12.156],[-64.765,-12.096],[-64.835,-12.117],[-64.808,-12.054],[-64.838,-12.011],[-64.918,-12.026],[-64.947,-11.994],[-64.974,-12.018],[-65.031,-11.995],[-65.015,-11.894],[-65.07,-11.869],[-65.085,-11.712],[-65.178,-11.721],[-65.186,-11.756],[-65.26,-11.706],[-65.217,-11.652],[-65.234,-11.57],[-65.211,-11.53],[-65.304,-11.501],[-65.335,-11.354],[-65.291,-11.324],[-65.343,-11.307],[-65.361,-11.251],[-65.319,-11.199],[-65.362,-11.137],[-65.284,-11.088],[-65.3,-11.031],[-65.251,-10.987],[-65.275,-10.87],[-65.366,-10.792],[-65.344,-10.69],[-65.413,-10.624],[-65.397,-10.58],[-65.429,-10.481],[-65.288,-10.219],[-65.332,-9.957],[-65.286,-9.841],[-65.374,-9.699],[-65.443,-9.67],[-65.5,-9.729],[-65.503,-9.786],[-65.564,-9.812],[-65.559,-9.843],[-65.63,-9.834],[-65.668,-9.781],[-65.71,-9.806],[-65.685,-9.749],[-65.744,-9.781],[-65.774,-9.734],[-65.794,-9.791],[-65.8,-9.756],[-65.86,-9.794],[-65.871,-9.753],[-65.919,-9.753],[-65.972,-9.777],[-65.966,-9.804],[-66.064,-9.784],[-66.093,-9.813],[-66.1,-9.784],[-66.152,-9.785],[-66.203,-9.834],[-66.315,-9.831],[-66.426,-9.898],[-66.426,-9.869],[-66.459,-9.875]]],[[[-66.458886,-9.87524],[-66.454072,-9.877268],[-66.456774,-9.878479],[-66.458886,-9.87524]]]]}},{"type":"Feature","properties":{"name":"RR","nome":"Roraima"},"geometry":{"type":"MultiPolygon","coordinates":[[[[-59.916,3.146],[-59.981,2.93],[-59.99,2.687],[-59.97,2.595],[-59.928,2.572],[-59.897,2.482],[-59.896,2.363],[-59.785,2.284],[-59.722,2.277],[-59.751,1.862],[-59.678,1.84],[-59.662,1.87],[-59.654,1.817],[-59.69,1.758],[-59.616,1.716],[-59.536,1.72],[-59.381,1.508],[-59.332,1.514],[-59.325,1.464],[-59.252,1.389],[-58.978,1.302],[-58.918,1.317],[-58.886,1.261],[-58.911,1.239],[-58.895,0.264],[-60.037,0.264],[-60.059,0.163],[-60.116,0.134],[-60.138,0.029],[-60.203,-0.033],[-60.224,-0.143],[-60.299,-0.211],[-60.289,-0.293],[-60.399,-0.51],[-60.383,-0.59],[-60.313,-0.641],[-60.303,-0.711],[-60.427,-0.778],[-60.479,-0.771],[-60.531,-0.875],[-60.591,-0.853],[-60.667,-0.894],[-60.752,-0.861],[-60.761,-0.761],[-60.908,-0.624],[-60.92,-0.555],[-61.046,-0.546],[-61.087,-0.5],[-61.216,-0.5],[-61.231,-0.564],[-61.428,-0.634],[-61.538,-0.756],[-61.585,-0.937],[-61.544,-1.062],[-61.576,-1.079],[-61.573,-1.184],[-61.628,-1.301],[-61.582,-1.353],[-61.619,-1.394],[-61.538,-1.433],[-61.516,-1.502],[-61.473,-1.528],[-61.482,-1.58],[-61.635,-1.434],[-61.79,-1.379],[-61.896,-1.395],[-62.039,-1.118],[-62.099,-1.096],[-62.125,-1.037],[-62.203,-0.983],[-62.293,-0.948],[-62.395,-0.82],[-62.51,-0.759],[-62.486,-0.681],[-62.406,-0.727],[-62.358,-0.707],[-62.37,-0.676],[-62.29,-0.646],[-62.309,-0.514],[-62.202,-0.393],[-62.188,-0.33],[-62.248,-0.302],[-62.245,-0.174],[-62.319,-0.102],[-62.346,0.03],[-62.424,0.092],[-62.468,0.276],[-62.446,0.379],[-62.485,0.454],[-62.518,0.444],[-62.532,0.509],[-62.535,0.694],[-62.457,0.786],[-62.486,0.867],[-62.442,0.96],[-62.471,1.087],[-62.529,1.089],[-62.637,1.434],[-62.804,1.591],[-62.723,1.713],[-62.706,1.94],[-62.838,2.017],[-63.023,2.015],[-63.107,2.08],[-63.141,2.173],[-63.282,2.154],[-63.359,2.197],[-63.401,2.246],[-63.425,2.365],[-63.406,2.436],[-63.708,2.381],[-64.055,2.498],[-63.984,2.653],[-63.993,2.77],[-64.057,2.851],[-64.071,2.938],[-64.234,3.114],[-64.208,3.189],[-64.255,3.411],[-64.186,3.5],[-64.185,3.56],[-64.288,3.7],[-64.488,3.791],[-64.58,3.929],[-64.673,4.005],[-64.731,4.121],[-64.81,4.175],[-64.824,4.244],[-64.793,4.287],[-64.698,4.252],[-64.623,4.135],[-64.56,4.102],[-64.289,4.144],[-64.164,4.127],[-63.964,3.868],[-63.926,3.926],[-63.859,3.948],[-63.682,3.908],[-63.68,4.017],[-63.592,3.929],[-63.588,3.886],[-63.498,3.843],[-63.49,3.874],[-63.435,3.868],[-63.411,3.914],[-63.45,3.955],[-63.428,3.978],[-63.206,3.952],[-63.226,3.836],[-63.103,3.794],[-63.059,3.748],[-63.081,3.694],[-62.96,3.608],[-62.835,3.738],[-62.736,3.69],[-62.728,3.805],[-62.788,3.894],[-62.743,3.974],[-62.768,4.006],[-62.747,4.035],[-62.609,4.044],[-62.556,4.018],[-62.533,4.047],[-62.552,4.109],[-62.531,4.137],[-62.478,4.131],[-62.437,4.183],[-62.145,4.075],[-62.071,4.126],[-62.076,4.154],[-61.984,4.18],[-61.93,4.104],[-61.923,4.156],[-61.823,4.164],[-61.774,4.25],[-61.559,4.255],[-61.508,4.322],[-61.513,4.407],[-61.448,4.439],[-61.344,4.42],[-61.289,4.458],[-61.321,4.535],[-61.217,4.535],[-61.146,4.483],[-61.092,4.523],[-60.996,4.518],[-60.932,4.587],[-60.949,4.653],[-60.9,4.716],[-60.853,4.704],[-60.743,4.762],[-60.591,4.927],[-60.656,5.157],[-60.736,5.202],[-60.723,5.22],[-60.434,5.182],[-60.412,5.214],[-60.328,5.206],[-60.21,5.271],[-60.17,5.228],[-60.135,5.249],[-60.094,5.142],[-59.996,5.085],[-59.99,4.987],[-60.039,4.784],[-60.03,4.701],[-60.078,4.649],[-60.075,4.609],[-60.157,4.566],[-60.162,4.508],[-60.091,4.524],[-60.07,4.494],[-59.973,4.478],[-59.965,4.503],[-59.905,4.456],[-59.872,4.48],[-59.859,4.45],[-59.794,4.466],[-59.675,4.373],[-59.731,4.285],[-59.707,4.268],[-59.735,4.236],[-59.724,4.183],[-59.616,4.132],[-59.649,4.072],[-59.574,4.002],[-59.584,3.968],[-59.548,3.979],[-59.517,3.943],[-59.594,3.884],[-59.595,3.796],[-59.679,3.759],[-59.668,3.703],[-59.865,3.577],[-59.803,3.508],[-59.841,3.426],[-59.815,3.426],[-59.806,3.355],[-59.873,3.278],[-59.916,3.146]]]]}},{"type":"Feature","properties":{"name":"RS","nome":"Rio Grande do Sul"},"geometry":{"type":"MultiPolygon","coordinates":[[[[-52.044,-31.574],[-52.11,-31.554],[-52.102,-31.625],[-52.057,-31.598],[-52.069,-31.676],[-52.2,-31.728],[-52.225,-31.751],[-52.222,-31.843],[-52.256,-31.849],[-52.234,-31.894],[-52.221,-31.872],[-52.132,-31.923],[-52.108,-32.027],[-52.068,-32.03],[-52.098,-32.162],[-52.231,-32.257],[-52.306,-32.361],[-52.511,-32.903],[-52.629,-33.116],[-52.795,-33.302],[-53.152,-33.589],[-53.416,-33.748],[-53.442,-33.695],[-53.529,-33.687],[-53.535,-33.613],[-53.51,-33.535],[-53.45,-33.57],[-53.427,-33.434],[-53.47,-33.259],[-53.43,-33.156],[-53.392,-33.151],[-53.32,-33.055],[-53.318,-33.088],[-53.256,-33.102],[-53.159,-32.969],[-53.165,-32.879],[-53.123,-32.791],[-53.072,-32.832],[-52.982,-32.734],[-53.001,-32.793],[-52.894,-32.892],[-52.833,-32.913],[-52.75,-32.862],[-52.586,-32.526],[-52.693,-32.318],[-52.622,-32.143],[-52.737,-32.167],[-52.73,-32.195],[-52.766,-32.204],[-52.728,-32.212],[-52.795,-32.271],[-52.817,-32.34],[-52.788,-32.378],[-52.75,-32.361],[-52.724,-32.387],[-52.789,-32.445],[-52.953,-32.486],[-53.0,-32.597],[-53.061,-32.618],[-53.076,-32.656],[-53.174,-32.656],[-53.249,-32.604],[-53.287,-32.621],[-53.37,-32.57],[-53.388,-32.586],[-53.431,-32.565],[-53.463,-32.485],[-53.557,-32.471],[-53.644,-32.383],[-53.642,-32.296],[-53.734,-32.152],[-53.745,-32.078],[-53.833,-32.054],[-53.849,-32.001],[-53.958,-31.955],[-53.972,-31.918],[-54.039,-31.897],[-54.1,-31.927],[-54.454,-31.652],[-54.453,-31.6],[-54.585,-31.458],[-54.758,-31.425],[-54.835,-31.441],[-54.89,-31.376],[-54.938,-31.381],[-55.006,-31.268],[-55.073,-31.332],[-55.238,-31.26],[-55.29,-31.143],[-55.338,-31.132],[-55.35,-31.037],[-55.436,-31.004],[-55.44,-30.96],[-55.486,-30.947],[-55.577,-30.833],[-55.66,-30.869],[-55.642,-30.911],[-55.665,-30.952],[-55.722,-30.943],[-55.728,-30.979],[-55.869,-31.07],[-56.009,-31.081],[-55.989,-30.858],[-56.022,-30.786],[-56.128,-30.738],[-56.17,-30.615],[-56.26,-30.586],[-56.292,-30.521],[-56.383,-30.498],[-56.458,-30.385],[-56.488,-30.399],[-56.545,-30.358],[-56.539,-30.314],[-56.616,-30.301],[-56.613,-30.261],[-56.667,-30.218],[-56.645,-30.204],[-56.775,-30.164],[-56.807,-30.104],[-57.068,-30.086],[-57.114,-30.114],[-57.167,-30.199],[-57.16,-30.242],[-57.221,-30.29],[-57.259,-30.267],[-57.28,-30.294],[-57.31,-30.257],[-57.394,-30.304],[-57.465,-30.265],[-57.523,-30.285],[-57.566,-30.257],[-57.557,-30.212],[-57.643,-30.188],[-57.482,-30.123],[-57.345,-30.003],[-57.327,-29.88],[-57.278,-29.817],[-57.121,-29.764],[-56.968,-29.639],[-56.954,-29.583],[-56.81,-29.476],[-56.766,-29.377],[-56.705,-29.361],[-56.589,-29.12],[-56.413,-29.071],[-56.409,-28.977],[-56.303,-28.9],[-56.282,-28.788],[-56.183,-28.768],[-56.002,-28.599],[-56.01,-28.507],[-55.886,-28.48],[-55.901,-28.406],[-55.872,-28.359],[-55.745,-28.371],[-55.7,-28.426],[-55.667,-28.333],[-55.773,-28.272],[-55.773,-28.245],[-55.631,-28.176],[-55.608,-28.116],[-55.557,-28.162],[-55.493,-28.077],[-55.444,-28.096],[-55.369,-28.027],[-55.383,-27.983],[-55.316,-27.925],[-55.264,-27.931],[-55.196,-27.856],[-55.132,-27.896],[-55.107,-27.846],[-55.031,-27.855],[-55.08,-27.779],[-55.01,-27.797],[-54.936,-27.772],[-54.904,-27.725],[-54.903,-27.637],[-54.85,-27.623],[-54.812,-27.529],[-54.774,-27.585],[-54.682,-27.574],[-54.672,-27.505],[-54.621,-27.541],[-54.585,-27.454],[-54.53,-27.505],[-54.444,-27.473],[-54.469,-27.429],[-54.411,-27.405],[-54.346,-27.467],[-54.336,-27.401],[-54.28,-27.445],[-54.26,-27.397],[-54.211,-27.379],[-54.172,-27.254],[-54.154,-27.296],[-54.077,-27.297],[-54.011,-27.196],[-53.96,-27.194],[-53.949,-27.151],[-53.903,-27.174],[-53.874,-27.127],[-53.817,-27.174],[-53.773,-27.148],[-53.748,-27.19],[-53.666,-27.162],[-53.642,-27.22],[-53.563,-27.173],[-53.492,-27.202],[-53.506,-27.138],[-53.411,-27.14],[-53.372,-27.09],[-53.294,-27.134],[-53.309,-27.217],[-53.242,-27.17],[-53.188,-27.191],[-53.158,-27.138],[-53.133,-27.178],[-53.072,-27.157],[-53.076,-27.103],[-53.028,-27.08],[-53.043,-27.146],[-52.993,-27.138],[-52.977,-27.221],[-52.951,-27.162],[-52.925,-27.202],[-52.85,-27.169],[-52.844,-27.206],[-52.759,-27.215],[-52.754,-27.257],[-52.715,-27.236],[-52.699,-27.282],[-52.667,-27.238],[-52.631,-27.264],[-52.549,-27.238],[-52.479,-27.264],[-52.445,-27.217],[-52.419,-27.282],[-52.395,-27.292],[-52.381,-27.259],[-52.375,-27.304],[-52.346,-27.288],[-52.298,-27.317],[-52.301,-27.26],[-52.253,-27.257],[-52.234,-27.27],[-52.274,-27.302],[-52.212,-27.33],[-52.166,-27.273],[-52.166,-27.311],[-52.107,-27.309],[-52.097,-27.348],[-52.018,-27.331],[-52.02,-27.362],[-51.951,-27.381],[-52.007,-27.402],[-51.934,-27.432],[-51.955,-27.474],[-51.9,-27.464],[-51.889,-27.52],[-51.857,-27.475],[-51.847,-27.525],[-51.795,-27.53],[-51.798,-27.491],[-51.724,-27.513],[-51.687,-27.479],[-51.656,-27.52],[-51.631,-27.489],[-51.631,-27.538],[-51.58,-27.524],[-51.569,-27.584],[-51.49,-27.56],[-51.432,-27.655],[-51.386,-27.623],[-51.369,-27.672],[-51.316,-27.674],[-51.308,-27.719],[-51.235,-27.779],[-51.082,-27.834],[-51.01,-27.963],[-50.984,-27.942],[-50.928,-27.969],[-50.877,-28.041],[-50.901,-28.087],[-50.869,-28.137],[-50.828,-28.119],[-50.786,-28.143],[-50.788,-28.198],[-50.766,-28.188],[-50.749,-28.247],[-50.698,-28.266],[-50.625,-28.391],[-50.591,-28.382],[-50.536,-28.429],[-50.527,-28.404],[-50.379,-28.445],[-50.357,-28.42],[-50.345,-28.463],[-50.328,-28.434],[-50.271,-28.456],[-50.247,-28.429],[-50.223,-28.463],[-50.176,-28.452],[-50.157,-28.497],[-50.126,-28.429],[-50.1,-28.485],[-49.971,-28.439],[-49.943,-28.481],[-49.927,-28.451],[-49.858,-28.443],[-49.869,-28.48],[-49.839,-28.496],[-49.809,-28.468],[-49.783,-28.496],[-49.765,-28.46],[-49.77,-28.494],[-49.728,-28.518],[-49.748,-28.546],[-49.691,-28.618],[-49.782,-28.611],[-49.837,-28.667],[-49.821,-28.693],[-49.872,-28.704],[-49.875,-28.744],[-49.904,-28.707],[-49.935,-28.728],[-49.966,-28.873],[-49.929,-28.871],[-49.965,-28.922],[-49.92,-28.978],[-50.007,-29.072],[-49.954,-29.085],[-49.986,-29.136],[-50.014,-29.128],[-50.016,-29.181],[-50.076,-29.189],[-50.099,-29.163],[-50.093,-29.222],[-50.111,-29.237],[-50.093,-29.213],[-50.14,-29.193],[-50.166,-29.247],[-50.037,-29.351],[-50.114,-29.259],[-49.946,-29.2],[-49.711,-29.325],[-50.017,-29.772],[-50.333,-30.5],[-50.769,-31.11],[-51.25,-31.567],[-51.47,-31.726],[-51.885,-31.958],[-52.081,-32.157],[-52.04,-32.036],[-52.054,-31.982],[-52.013,-31.939],[-52.098,-31.835],[-52.004,-31.819],[-51.852,-31.867],[-51.787,-31.806],[-51.865,-31.799],[-51.664,-31.77],[-51.491,-31.569],[-51.436,-31.624],[-51.465,-31.564],[-51.429,-31.48],[-51.36,-31.529],[-51.238,-31.458],[-51.159,-31.281],[-51.168,-31.067],[-51.103,-31.099],[-50.98,-31.041],[-50.954,-31.003],[-50.966,-30.896],[-50.911,-30.905],[-50.753,-30.818],[-50.701,-30.746],[-50.679,-30.609],[-50.717,-30.351],[-50.623,-30.392],[-50.627,-30.327],[-50.593,-30.4],[-50.648,-30.412],[-50.654,-30.442],[-50.574,-30.481],[-50.537,-30.273],[-50.597,-30.194],[-50.658,-30.199],[-50.673,-30.296],[-50.781,-30.284],[-50.775,-30.333],[-50.922,-30.332],[-50.93,-30.435],[-51.055,-30.391],[-51.041,-30.366],[-51.068,-30.354],[-51.025,-30.321],[-51.03,-30.274],[-51.086,-30.241],[-51.158,-30.262],[-51.198,-30.194],[-51.248,-30.186],[-51.225,-30.144],[-51.266,-30.103],[-51.23,-30.043],[-51.262,-30.054],[-51.295,-30.001],[-51.328,-30.226],[-51.273,-30.249],[-51.293,-30.303],[-51.247,-30.328],[-51.21,-30.297],[-51.184,-30.382],[-51.097,-30.357],[-51.095,-30.381],[-51.142,-30.471],[-51.141,-30.426],[-51.182,-30.407],[-51.258,-30.466],[-51.303,-30.588],[-51.295,-30.75],[-51.317,-30.648],[-51.386,-30.654],[-51.404,-30.782],[-51.369,-30.874],[-51.447,-30.873],[-51.496,-30.915],[-51.485,-31.026],[-51.44,-31.087],[-51.618,-31.139],[-51.642,-31.225],[-51.616,-31.267],[-51.79,-31.273],[-51.859,-31.332],[-51.869,-31.294],[-51.878,-31.324],[-51.919,-31.31],[-51.993,-31.413],[-52.032,-31.695],[-52.058,-31.679],[-52.028,-31.647],[-52.044,-31.574]]],[[[-51.295,-30.75],[-51.29,-30.817],[-51.323,-30.78],[-51.295,-30.75]]],[[[-50.098154,-29.23608],[-50.092698,-29.221853],[-50.084947,-29.215208],[-50.087578,-29.222485],[-50.08347,-29.227521],[-50.093363,-29.23721],[-50.098154,-29.23608]]],[[[-51.148111,-30.472971],[-51.142259,-30.470535],[-51.152054,-30.499744],[-51.156551,-30.498394],[-51.148111,-30.472971]]],[[[-49.95607,-29.06698],[-49.956259,-29.061676],[-49.945636,-29.055149],[-49.939556,-29.056687],[-49.94202,-29.064257],[-49.951665,-29.062529],[-49.947693,-29.069242],[-49.95607,-29.06698]]],[[[-51.294501,-30.053588],[-51.289229,-30.056898],[-51.268429,-30.055382],[-51.291824,-30.064346],[-51.294501,-30.053588]]],[[[-52.101693,-31.801463],[-52.106174,-31.801589],[-52.11047,-31.792739],[-52.093481,-31.792672],[-52.101693,-31.801463]]],[[[-53.418556,-33.129563],[-53.421363,-33.131442],[-53.420108,-33.124568],[-53.416696,-33.118232],[-53.413445,-33.11259],[-53.410424,-33.107686],[-53.406056,-33.107528],[-53.409369,-33.113414],[-53.412778,-33.117996],[-53.415162,-33.122578],[-53.418556,-33.129563]]],[[[-49.968549,-29.120472],[-49.967653,-29.115559],[-49.963833,-29.114166],[-49.962354,-29.117466],[-49.968549,-29.120472]]],[[[-51.464724,-31.549706],[-51.462109,-31.543858],[-51.462683,-31.548098],[-51.463926,-31.55728],[-51.466018,-31.554164],[-51.464851,-31.54999],[-51.464724,-31.549706]]],[[[-51.169024,-30.264125],[-51.157841,-30.261959],[-51.163465,-30.266056],[-51.169024,-30.264125]]],[[[-51.104953,-30.259277],[-51.102128,-30.253869],[-51.100292,-30.258867],[-51.104953,-30.259277]]],[[[-52.044462,-31.567576],[-52.043669,-31.57374],[-52.046969,-31.571849],[-52.044462,-31.567576]]],[[[-51.191486,-30.234579],[-51.187793,-30.233682],[-51.190905,-30.238349],[-51.191486,-30.234579]]]]}},{"type":"Feature","properties":{"name":"SC","nome":"Santa Catarina"},"geometry":{"type":"MultiPolygon","coordinates":[[[[-53.72,-26.56],[-53.74,-26.545],[-53.687,-26.442],[-53.707,-26.387],[-53.643,-26.252],[-53.497,-26.302],[-53.375,-26.242],[-53.281,-26.247],[-53.252,-26.299],[-53.09,-26.39],[-52.99,-26.347],[-52.737,-26.342],[-52.601,-26.414],[-52.522,-26.401],[-52.461,-26.439],[-52.401,-26.423],[-52.282,-26.462],[-52.185,-26.445],[-52.011,-26.566],[-51.873,-26.6],[-51.665,-26.566],[-51.51,-26.582],[-51.411,-26.717],[-51.391,-26.663],[-51.283,-26.653],[-51.228,-26.616],[-51.223,-26.55],[-51.274,-26.497],[-51.253,-26.463],[-51.297,-26.419],[-51.243,-26.324],[-51.104,-26.275],[-51.083,-26.228],[-51.0,-26.23],[-50.944,-26.282],[-50.935,-26.233],[-50.9,-26.289],[-50.869,-26.242],[-50.839,-26.271],[-50.793,-26.227],[-50.718,-26.244],[-50.731,-26.203],[-50.648,-26.126],[-50.628,-26.063],[-50.553,-26.055],[-50.592,-26.042],[-50.571,-26.003],[-50.549,-26.039],[-50.459,-26.027],[-50.323,-26.134],[-50.332,-26.083],[-50.251,-26.03],[-50.182,-26.078],[-50.171,-26.025],[-50.121,-26.064],[-50.084,-26.023],[-50.078,-26.046],[-50.006,-26.045],[-49.993,-26.011],[-49.964,-26.025],[-49.972,-26.058],[-49.942,-26.008],[-49.832,-26.053],[-49.843,-26.072],[-49.768,-26.104],[-49.727,-26.17],[-49.71,-26.154],[-49.689,-26.188],[-49.555,-26.237],[-49.496,-26.221],[-49.459,-26.162],[-49.37,-26.155],[-49.175,-26.001],[-49.055,-26.02],[-48.96,-25.979],[-48.68,-25.981],[-48.643,-25.956],[-48.594,-25.977],[-48.58,-26.165],[-48.53,-26.163],[-48.516,-26.222],[-48.492,-26.219],[-48.664,-26.58],[-48.68,-26.726],[-48.661,-26.77],[-48.585,-26.783],[-48.643,-26.901],[-48.621,-26.999],[-48.567,-27.007],[-48.602,-27.125],[-48.549,-27.157],[-48.507,-27.111],[-48.501,-27.145],[-48.465,-27.145],[-48.497,-27.167],[-48.48,-27.207],[-48.517,-27.22],[-48.5,-27.2],[-48.53,-27.181],[-48.616,-27.251],[-48.596,-27.316],[-48.54,-27.298],[-48.524,-27.334],[-48.526,-27.376],[-48.556,-27.366],[-48.566,-27.423],[-48.626,-27.434],[-48.647,-27.483],[-48.567,-27.595],[-48.588,-27.619],[-48.62,-27.603],[-48.643,-27.643],[-48.601,-27.661],[-48.575,-27.844],[-48.602,-27.867],[-48.574,-27.89],[-48.623,-27.951],[-48.63,-28.011],[-48.598,-28.03],[-48.663,-28.181],[-48.646,-28.233],[-48.767,-28.464],[-48.743,-28.508],[-48.809,-28.605],[-48.996,-28.684],[-49.291,-28.882],[-49.711,-29.325],[-49.962,-29.198],[-50.114,-29.259],[-50.035,-29.347],[-50.065,-29.341],[-50.147,-29.288],[-50.151,-29.203],[-50.093,-29.213],[-50.093,-29.237],[-50.099,-29.163],[-50.076,-29.189],[-50.016,-29.181],[-50.014,-29.128],[-49.962,-29.117],[-49.94,-29.057],[-50.007,-29.072],[-49.92,-28.978],[-49.965,-28.922],[-49.929,-28.871],[-49.966,-28.873],[-49.935,-28.728],[-49.904,-28.707],[-49.875,-28.744],[-49.872,-28.704],[-49.821,-28.693],[-49.837,-28.667],[-49.782,-28.611],[-49.692,-28.625],[-49.765,-28.46],[-49.783,-28.496],[-49.809,-28.468],[-49.839,-28.496],[-49.869,-28.48],[-49.858,-28.443],[-49.927,-28.451],[-49.943,-28.481],[-49.971,-28.439],[-50.1,-28.485],[-50.126,-28.429],[-50.157,-28.497],[-50.176,-28.452],[-50.223,-28.463],[-50.247,-28.429],[-50.271,-28.456],[-50.328,-28.434],[-50.345,-28.463],[-50.357,-28.42],[-50.379,-28.445],[-50.527,-28.404],[-50.536,-28.429],[-50.591,-28.382],[-50.625,-28.391],[-50.698,-28.266],[-50.749,-28.247],[-50.766,-28.188],[-50.788,-28.198],[-50.786,-28.143],[-50.828,-28.119],[-50.869,-28.137],[-50.901,-28.087],[-50.877,-28.041],[-50.928,-27.969],[-50.984,-27.942],[-51.01,-27.963],[-51.082,-27.834],[-51.235,-27.779],[-51.308,-27.719],[-51.316,-27.674],[-51.369,-27.672],[-51.386,-27.623],[-51.432,-27.655],[-51.49,-27.56],[-51.569,-27.584],[-51.58,-27.524],[-51.631,-27.538],[-51.631,-27.489],[-51.656,-27.52],[-51.687,-27.479],[-51.724,-27.513],[-51.798,-27.491],[-51.795,-27.53],[-51.847,-27.525],[-51.857,-27.475],[-51.889,-27.52],[-51.9,-27.464],[-51.955,-27.474],[-51.934,-27.432],[-52.007,-27.402],[-51.951,-27.381],[-52.02,-27.362],[-52.018,-27.331],[-52.097,-27.348],[-52.107,-27.309],[-52.166,-27.311],[-52.166,-27.273],[-52.212,-27.33],[-52.274,-27.302],[-52.234,-27.27],[-52.253,-27.257],[-52.301,-27.26],[-52.298,-27.317],[-52.346,-27.288],[-52.375,-27.304],[-52.381,-27.259],[-52.395,-27.292],[-52.419,-27.282],[-52.445,-27.217],[-52.479,-27.264],[-52.549,-27.238],[-52.631,-27.264],[-52.667,-27.238],[-52.699,-27.282],[-52.715,-27.236],[-52.754,-27.257],[-52.759,-27.215],[-52.844,-27.206],[-52.85,-27.169],[-52.925,-27.202],[-52.951,-27.162],[-52.977,-27.221],[-52.993,-27.138],[-53.043,-27.146],[-53.028,-27.08],[-53.076,-27.103],[-53.072,-27.157],[-53.133,-27.178],[-53.158,-27.138],[-53.188,-27.191],[-53.242,-27.17],[-53.309,-27.217],[-53.294,-27.134],[-53.372,-27.09],[-53.411,-27.14],[-53.506,-27.138],[-53.492,-27.202],[-53.563,-27.173],[-53.642,-27.22],[-53.666,-27.162],[-53.736,-27.191],[-53.773,-27.148],[-53.834,-27.169],[-53.798,-27.145],[-53.818,-27.102],[-53.777,-27.101],[-53.799,-27.044],[-53.758,-27.062],[-53.783,-27.026],[-53.746,-27.031],[-53.707,-26.932],[-53.67,-26.941],[-53.695,-26.858],[-53.66,-26.859],[-53.694,-26.845],[-53.699,-26.769],[-53.743,-26.762],[-53.714,-26.748],[-53.754,-26.714],[-53.715,-26.682],[-53.755,-26.642],[-53.72,-26.56]]],[[[-48.41,-27.389],[-48.359,-27.448],[-48.501,-27.714],[-48.475,-27.769],[-48.57,-27.836],[-48.58,-27.762],[-48.55,-27.698],[-48.571,-27.673],[-48.524,-27.65],[-48.564,-27.593],[-48.508,-27.548],[-48.539,-27.49],[-48.523,-27.452],[-48.547,-27.458],[-48.41,-27.389]]],[[[-48.565368,-27.477238],[-48.562149,-27.473866],[-48.563643,-27.479519],[-48.565368,-27.477238]]]]}},{"type":"Feature","properties":{"name":"SE","nome":"Sergipe"},"geometry":{"type":"MultiPolygon","coordinates":[[[[-37.96,-9.533],[-37.894,-9.54],[-37.785,-9.638],[-37.711,-9.631],[-37.581,-9.734],[-37.35,-9.792],[-37.237,-9.894],[-37.153,-9.9],[-37.049,-9.986],[-36.992,-9.977],[-36.91,-10.138],[-36.72,-10.264],[-36.623,-10.258],[-36.571,-10.319],[-36.564,-10.416],[-36.51,-10.432],[-36.456,-10.407],[-36.393,-10.498],[-36.62,-10.589],[-36.854,-10.743],[-37.26,-11.288],[-37.33,-11.445],[-37.518,-11.548],[-37.651,-11.518],[-37.67,-11.564],[-37.7,-11.562],[-37.813,-11.514],[-37.866,-11.428],[-37.977,-11.393],[-38.003,-11.289],[-37.974,-11.195],[-38.072,-11.152],[-38.106,-11.015],[-38.176,-10.985],[-38.24,-10.876],[-38.212,-10.709],[-38.058,-10.708],[-37.999,-10.764],[-37.814,-10.691],[-37.84,-10.549],[-37.813,-10.508],[-37.859,-10.426],[-37.839,-10.379],[-37.736,-10.332],[-37.831,-10.001],[-37.96,-9.97],[-37.997,-9.916],[-37.966,-9.816],[-38.038,-9.749],[-38.04,-9.686],[-37.987,-9.647],[-38.04,-9.573],[-38.003,-9.515],[-37.96,-9.533]]]]}},{"type":"Feature","properties":{"name":"SP","nome":"São Paulo"},"geometry":{"type":"MultiPolygon","coordinates":[[[[-46.138,-23.859],[-46.181,-23.99],[-46.244,-23.991],[-46.287,-24.044],[-46.294,-24.016],[-46.324,-24.022],[-46.313,-23.981],[-46.384,-23.97],[-46.399,-24.033],[-46.417,-24.013],[-46.498,-24.04],[-46.94,-24.28],[-47.0,-24.329],[-47.009,-24.414],[-47.616,-24.792],[-47.841,-24.975],[-47.909,-25.053],[-47.913,-25.158],[-48.099,-25.311],[-48.023,-25.23],[-48.114,-25.25],[-48.187,-25.198],[-48.156,-25.144],[-48.251,-24.978],[-48.333,-25.07],[-48.324,-25.036],[-48.411,-24.98],[-48.474,-25.012],[-48.528,-25.1],[-48.582,-25.051],[-48.597,-25.003],[-48.546,-24.873],[-48.567,-24.847],[-48.499,-24.738],[-48.581,-24.671],[-48.661,-24.706],[-48.676,-24.671],[-48.778,-24.696],[-48.828,-24.655],[-48.958,-24.685],[-49.004,-24.634],[-49.042,-24.64],[-49.055,-24.682],[-49.185,-24.672],[-49.208,-24.7],[-49.305,-24.672],[-49.315,-24.555],[-49.281,-24.537],[-49.295,-24.501],[-49.247,-24.469],[-49.253,-24.407],[-49.2,-24.344],[-49.283,-24.308],[-49.355,-24.211],[-49.337,-24.137],[-49.43,-24.087],[-49.516,-23.969],[-49.511,-23.925],[-49.557,-23.922],[-49.61,-23.851],[-49.562,-23.818],[-49.549,-23.703],[-49.617,-23.639],[-49.6,-23.535],[-49.629,-23.512],[-49.567,-23.427],[-49.619,-23.396],[-49.59,-23.382],[-49.637,-23.349],[-49.625,-23.286],[-49.678,-23.165],[-49.73,-23.141],[-49.741,-23.099],[-49.911,-23.051],[-49.901,-22.999],[-49.972,-22.959],[-49.986,-22.897],[-49.996,-22.929],[-50.046,-22.902],[-50.183,-22.953],[-50.34,-22.948],[-50.38,-22.904],[-50.427,-22.945],[-50.504,-22.946],[-50.541,-22.912],[-50.608,-22.923],[-50.662,-22.895],[-50.741,-22.961],[-50.806,-22.94],[-50.792,-22.894],[-50.89,-22.795],[-51.154,-22.752],[-51.263,-22.669],[-51.446,-22.653],[-51.559,-22.697],[-51.628,-22.658],[-51.718,-22.669],[-51.753,-22.617],[-51.873,-22.628],[-51.94,-22.567],[-52.107,-22.516],[-52.148,-22.549],[-52.156,-22.644],[-52.223,-22.674],[-52.25,-22.615],[-52.304,-22.636],[-52.435,-22.607],[-52.503,-22.634],[-52.586,-22.566],[-52.701,-22.627],[-52.972,-22.57],[-53.087,-22.658],[-53.108,-22.597],[-52.998,-22.493],[-52.857,-22.441],[-52.408,-22.141],[-52.308,-21.951],[-52.19,-21.846],[-52.161,-21.77],[-52.076,-21.714],[-52.049,-21.643],[-52.103,-21.559],[-52.077,-21.515],[-51.967,-21.501],[-51.867,-21.351],[-51.848,-21.266],[-51.875,-21.136],[-51.789,-21.102],[-51.725,-20.98],[-51.618,-20.932],[-51.634,-20.754],[-51.586,-20.634],[-51.5,-20.568],[-51.343,-20.355],[-51.069,-20.25],[-50.966,-20.034],[-50.656,-19.905],[-50.576,-19.816],[-50.471,-19.779],[-50.352,-19.864],[-50.102,-19.875],[-50.012,-19.926],[-49.891,-19.943],[-49.551,-19.905],[-49.44,-19.98],[-49.265,-19.962],[-49.248,-19.999],[-49.296,-20.016],[-49.308,-20.102],[-49.238,-20.287],[-49.179,-20.31],[-49.12,-20.269],[-49.067,-20.154],[-48.992,-20.165],[-48.961,-20.263],[-48.968,-20.393],[-48.899,-20.441],[-48.867,-20.398],[-48.885,-20.269],[-48.823,-20.161],[-48.646,-20.166],[-48.405,-20.113],[-48.246,-20.14],[-48.218,-20.126],[-48.253,-20.077],[-48.24,-20.029],[-48.112,-20.143],[-48.019,-20.12],[-47.976,-20.035],[-47.894,-20.123],[-47.859,-19.993],[-47.704,-19.979],[-47.636,-20.048],[-47.581,-19.995],[-47.473,-19.962],[-47.425,-20.012],[-47.439,-20.049],[-47.267,-20.157],[-47.231,-20.219],[-47.298,-20.348],[-47.291,-20.449],[-47.154,-20.519],[-47.096,-20.659],[-47.115,-20.705],[-47.165,-20.701],[-47.186,-20.731],[-47.24,-20.885],[-47.143,-20.982],[-47.118,-21.185],[-47.062,-21.209],[-47.077,-21.239],[-46.998,-21.35],[-47.011,-21.422],[-46.92,-21.427],[-46.764,-21.36],[-46.706,-21.404],[-46.665,-21.361],[-46.615,-21.441],[-46.576,-21.426],[-46.509,-21.469],[-46.517,-21.611],[-46.565,-21.679],[-46.621,-21.675],[-46.626,-21.766],[-46.691,-21.836],[-46.647,-21.88],[-46.667,-21.932],[-46.613,-22.009],[-46.682,-22.028],[-46.664,-22.068],[-46.723,-22.077],[-46.6,-22.134],[-46.673,-22.176],[-46.723,-22.306],[-46.66,-22.366],[-46.666,-22.414],[-46.554,-22.446],[-46.505,-22.517],[-46.407,-22.54],[-46.433,-22.573],[-46.393,-22.662],[-46.469,-22.673],[-46.477,-22.699],[-46.335,-22.76],[-46.376,-22.827],[-46.359,-22.896],[-46.144,-22.858],[-46.139,-22.922],[-46.008,-22.889],[-45.909,-22.817],[-45.888,-22.875],[-45.823,-22.829],[-45.791,-22.858],[-45.754,-22.792],[-45.713,-22.814],[-45.728,-22.723],[-45.819,-22.722],[-45.694,-22.651],[-45.737,-22.608],[-45.716,-22.578],[-45.66,-22.578],[-45.665,-22.65],[-45.576,-22.602],[-45.555,-22.626],[-45.584,-22.651],[-45.539,-22.652],[-45.471,-22.59],[-45.4,-22.653],[-45.274,-22.616],[-45.128,-22.497],[-45.028,-22.463],[-44.965,-22.475],[-44.809,-22.405],[-44.74,-22.426],[-44.715,-22.514],[-44.641,-22.559],[-44.633,-22.609],[-44.549,-22.606],[-44.508,-22.64],[-44.487,-22.606],[-44.406,-22.607],[-44.384,-22.573],[-44.356,-22.614],[-44.343,-22.588],[-44.226,-22.604],[-44.162,-22.674],[-44.25,-22.757],[-44.27,-22.83],[-44.413,-22.848],[-44.467,-22.885],[-44.494,-22.846],[-44.792,-22.982],[-44.824,-23.161],[-44.888,-23.224],[-44.724,-23.368],[-44.844,-23.387],[-44.907,-23.333],[-44.979,-23.4],[-45.061,-23.42],[-45.059,-23.457],[-45.019,-23.461],[-45.063,-23.469],[-45.082,-23.521],[-45.084,-23.495],[-45.124,-23.502],[-45.114,-23.525],[-45.171,-23.493],[-45.162,-23.542],[-45.228,-23.538],[-45.211,-23.583],[-45.263,-23.597],[-45.297,-23.572],[-45.358,-23.624],[-45.406,-23.623],[-45.432,-23.684],[-45.397,-23.725],[-45.405,-23.82],[-45.513,-23.84],[-45.561,-23.791],[-45.844,-23.758],[-46.138,-23.859]]],[[[-45.321,-23.915],[-45.427,-23.94],[-45.462,-23.888],[-45.366,-23.81],[-45.329,-23.721],[-45.23,-23.776],[-45.228,-23.838],[-45.29,-23.866],[-45.224,-23.902],[-45.227,-23.941],[-45.267,-23.963],[-45.29,-23.91],[-45.321,-23.915]]],[[[-45.078,-23.535],[-45.039,-23.534],[-45.079,-23.564],[-45.078,-23.535]]],[[[-45.14,-23.8],[-45.12,-23.817],[-45.156,-23.813],[-45.14,-23.8]]],[[[-45.163376,-23.566709],[-45.156313,-23.559269],[-45.151657,-23.563108],[-45.147614,-23.56644],[-45.145799,-23.57018],[-45.150058,-23.569541],[-45.152677,-23.568408],[-45.15762,-23.572813],[-45.16113,-23.569129],[-45.163376,-23.566709]]],[[[-45.01966,-23.758692],[-45.018595,-23.754241],[-45.009291,-23.752207],[-45.008732,-23.759404],[-45.011856,-23.762092],[-45.015913,-23.765323],[-45.020338,-23.762851],[-45.01966,-23.758692]]],[[[-45.779012,-23.867611],[-45.78175,-23.870508],[-45.786864,-23.867287],[-45.787367,-23.861995],[-45.784601,-23.858372],[-45.778837,-23.857254],[-45.775499,-23.858661],[-45.779012,-23.867611]]],[[[-45.293576,-23.596097],[-45.292307,-23.593246],[-45.285965,-23.593149],[-45.28083,-23.593071],[-45.282815,-23.601086],[-45.288561,-23.600791],[-45.29527,-23.600042],[-45.293576,-23.596097]]],[[[-45.018595,-23.754241],[-45.024286,-23.751931],[-45.022745,-23.743563],[-45.01844,-23.743987],[-45.014631,-23.746732],[-45.016814,-23.750805],[-45.018595,-23.754241]]],[[[-45.725934,-23.800637],[-45.719123,-23.797829],[-45.714548,-23.80298],[-45.717449,-23.804154],[-45.724011,-23.802953],[-45.725934,-23.800637]]],[[[-45.526033,-23.849328],[-45.522752,-23.845662],[-45.520239,-23.84863],[-45.522206,-23.854422],[-45.525207,-23.854021],[-45.526033,-23.849328]]],[[[-46.906652,-24.389684],[-46.903123,-24.387248],[-46.901777,-24.394166],[-46.903396,-24.396626],[-46.90626,-24.394412],[-46.906652,-24.389684]]],[[[-46.909409,-24.373831],[-46.904537,-24.373831],[-46.904459,-24.377402],[-46.90859,-24.380528],[-46.910651,-24.377446],[-46.909409,-24.373831]]],[[[-45.033318,-23.548712],[-45.028011,-23.545078],[-45.024654,-23.54396],[-45.025823,-23.549256],[-45.033318,-23.548712]]],[[[-44.851379,-23.399177],[-44.853381,-23.403232],[-44.855043,-23.398048],[-44.849429,-23.39494],[-44.851379,-23.399177]]],[[[-44.948537,-23.38621],[-44.945046,-23.383382],[-44.940537,-23.383518],[-44.9445,-23.387351],[-44.948537,-23.38621]]],[[[-46.979876,-24.37096],[-46.978996,-24.367896],[-46.974882,-24.369621],[-46.977016,-24.372281],[-46.979876,-24.37096]]],[[[-47.913506,-25.166847],[-47.911411,-25.162919],[-47.908408,-25.166948],[-47.913506,-25.166847]]],[[[-45.228607,-23.813211],[-45.225242,-23.813678],[-45.228225,-23.817086],[-45.228607,-23.813211]]],[[[-45.325172,-23.915907],[-45.320935,-23.914938],[-45.322992,-23.917357],[-45.324072,-23.918626],[-45.324569,-23.917398],[-45.325172,-23.915907]]],[[[-45.714043,-23.790181],[-45.712564,-23.787262],[-45.709084,-23.788211],[-45.714043,-23.790181]]],[[[-45.276823,-23.853116],[-45.278635,-23.854947],[-45.279758,-23.852083],[-45.277006,-23.852336],[-45.276129,-23.852416],[-45.276823,-23.853116]]],[[[-45.297189,-23.920585],[-45.297003,-23.916967],[-45.294481,-23.918756],[-45.297189,-23.920585]]],[[[-45.156356,-23.830774],[-45.153855,-23.828627],[-45.153078,-23.831627],[-45.156356,-23.830774]]],[[[-45.671725,-23.804677],[-45.670327,-23.802003],[-45.668829,-23.804942],[-45.671725,-23.804677]]]]}},{"type":"Feature","properties":{"name":"TO","nome":"Tocantins"},"geometry":{"type":"MultiPolygon","coordinates":[[[[-47.033,-8.982],[-47.068,-9.012],[-47.043,-9.026],[-47.068,-9.063],[-46.922,-9.066],[-46.926,-9.135],[-46.894,-9.123],[-46.822,-9.199],[-46.847,-9.292],[-46.768,-9.365],[-46.763,-9.409],[-46.666,-9.392],[-46.632,-9.411],[-46.627,-9.465],[-46.561,-9.484],[-46.575,-9.517],[-46.537,-9.557],[-46.591,-9.587],[-46.647,-9.73],[-46.576,-9.758],[-46.577,-9.805],[-46.512,-9.799],[-46.493,-9.827],[-46.456,-10.049],[-46.367,-10.168],[-46.21,-10.169],[-46.164,-10.212],[-46.028,-10.176],[-46.003,-10.261],[-45.877,-10.239],[-45.793,-10.267],[-45.733,-10.228],[-45.726,-10.156],[-45.699,-10.166],[-45.697,-10.263],[-45.738,-10.342],[-45.824,-10.366],[-45.827,-10.436],[-46.025,-10.542],[-46.066,-10.603],[-46.211,-10.649],[-46.192,-10.719],[-46.251,-10.757],[-46.229,-10.794],[-46.29,-10.847],[-46.283,-10.906],[-46.399,-10.994],[-46.472,-11.191],[-46.609,-11.256],[-46.617,-11.289],[-46.479,-11.516],[-46.313,-11.539],[-46.202,-11.602],[-46.086,-11.622],[-46.154,-11.657],[-46.315,-11.632],[-46.295,-11.694],[-46.373,-11.751],[-46.322,-11.77],[-46.374,-11.868],[-46.318,-11.898],[-46.171,-11.901],[-46.325,-11.958],[-46.397,-12.04],[-46.366,-12.111],[-46.389,-12.166],[-46.36,-12.225],[-46.375,-12.286],[-46.324,-12.302],[-46.352,-12.337],[-46.285,-12.379],[-46.301,-12.415],[-46.256,-12.424],[-46.254,-12.493],[-46.154,-12.483],[-46.16,-12.528],[-46.255,-12.547],[-46.28,-12.584],[-46.29,-12.631],[-46.256,-12.656],[-46.293,-12.692],[-46.264,-12.717],[-46.262,-12.831],[-46.304,-12.949],[-46.119,-12.925],[-46.363,-12.991],[-46.366,-12.864],[-46.417,-12.823],[-46.454,-12.971],[-46.75,-12.969],[-46.978,-13.131],[-47.132,-13.178],[-47.153,-13.21],[-47.229,-13.194],[-47.282,-13.264],[-47.377,-13.23],[-47.427,-13.289],[-47.454,-13.249],[-47.435,-13.227],[-47.487,-13.22],[-47.478,-13.185],[-47.563,-13.184],[-47.561,-13.124],[-47.634,-13.104],[-47.668,-13.209],[-47.64,-13.263],[-47.65,-13.351],[-47.622,-13.367],[-47.679,-13.467],[-47.824,-13.311],[-47.935,-13.29],[-47.966,-13.315],[-48.062,-13.235],[-48.083,-13.288],[-48.165,-13.305],[-48.145,-13.153],[-48.173,-13.148],[-48.441,-13.292],[-48.475,-13.235],[-48.472,-13.142],[-48.508,-13.128],[-48.554,-13.205],[-48.553,-13.302],[-48.586,-13.317],[-48.602,-13.06],[-48.674,-12.995],[-48.73,-12.989],[-48.736,-12.921],[-48.857,-12.805],[-48.975,-12.957],[-49.024,-12.906],[-49.078,-12.903],[-49.067,-12.847],[-49.106,-12.836],[-49.119,-12.79],[-49.237,-12.884],[-49.354,-13.103],[-49.34,-13.236],[-49.369,-13.274],[-49.913,-12.966],[-50.292,-12.839],[-50.3,-12.68],[-50.266,-12.682],[-50.234,-12.577],[-50.193,-12.564],[-50.229,-12.532],[-50.216,-12.485],[-50.142,-12.396],[-50.365,-12.546],[-50.44,-12.653],[-50.435,-12.694],[-50.478,-12.71],[-50.511,-12.86],[-50.597,-12.826],[-50.579,-12.802],[-50.622,-12.819],[-50.646,-12.651],[-50.699,-12.647],[-50.706,-12.609],[-50.668,-12.596],[-50.686,-12.569],[-50.618,-12.429],[-50.644,-12.222],[-50.686,-12.202],[-50.683,-11.994],[-50.639,-11.884],[-50.686,-11.859],[-50.722,-11.739],[-50.663,-11.672],[-50.656,-11.6],[-50.74,-11.538],[-50.742,-11.454],[-50.658,-11.247],[-50.659,-11.13],[-50.609,-11.067],[-50.622,-10.839],[-50.57,-10.752],[-50.603,-10.661],[-50.537,-10.605],[-50.473,-10.404],[-50.418,-10.356],[-50.392,-10.134],[-50.302,-10.035],[-50.107,-9.594],[-50.105,-9.475],[-50.037,-9.289],[-49.907,-9.173],[-49.842,-9.027],[-49.745,-8.906],[-49.684,-8.856],[-49.592,-8.839],[-49.409,-8.58],[-49.377,-8.455],[-49.283,-8.379],[-49.176,-8.054],[-49.15,-7.802],[-49.323,-7.681],[-49.384,-7.543],[-49.378,-7.496],[-49.185,-7.235],[-49.209,-6.925],[-49.018,-6.784],[-48.814,-6.751],[-48.664,-6.662],[-48.646,-6.509],[-48.507,-6.355],[-48.382,-6.379],[-48.431,-6.177],[-48.292,-6.104],[-48.334,-6.004],[-48.231,-5.946],[-48.288,-5.843],[-48.294,-5.756],[-48.272,-5.725],[-48.174,-5.709],[-48.132,-5.618],[-48.3,-5.523],[-48.384,-5.394],[-48.51,-5.429],[-48.745,-5.369],[-48.755,-5.349],[-48.713,-5.352],[-48.679,-5.305],[-48.606,-5.336],[-48.519,-5.192],[-48.363,-5.168],[-48.178,-5.26],[-48.079,-5.275],[-48.006,-5.235],[-47.934,-5.241],[-47.873,-5.273],[-47.843,-5.376],[-47.742,-5.381],[-47.618,-5.459],[-47.555,-5.465],[-47.5,-5.525],[-47.473,-5.662],[-47.493,-5.73],[-47.431,-5.869],[-47.431,-6.12],[-47.378,-6.27],[-47.431,-6.425],[-47.416,-6.485],[-47.498,-6.671],[-47.529,-6.976],[-47.644,-7.143],[-47.716,-7.141],[-47.746,-7.201],[-47.648,-7.303],[-47.589,-7.264],[-47.499,-7.293],[-47.485,-7.367],[-47.59,-7.439],[-47.504,-7.436],[-47.475,-7.533],[-47.427,-7.525],[-47.438,-7.556],[-47.382,-7.6],[-47.381,-7.654],[-47.352,-7.646],[-47.358,-7.617],[-47.314,-7.66],[-47.337,-7.667],[-47.302,-7.689],[-47.313,-7.73],[-47.246,-7.758],[-47.244,-7.815],[-47.174,-7.856],[-47.043,-8.053],[-46.997,-8.067],[-46.872,-7.955],[-46.604,-7.896],[-46.477,-8.012],[-46.507,-8.27],[-46.544,-8.319],[-46.635,-8.319],[-46.806,-8.399],[-46.796,-8.446],[-46.85,-8.477],[-46.847,-8.533],[-46.916,-8.595],[-46.887,-8.686],[-46.931,-8.726],[-46.913,-8.847],[-46.992,-8.879],[-46.97,-8.914],[-47.033,-8.982]]]]}},{"type":"Feature","properties":{"name":"DF","nome":"Distrito Federal"},"geometry":{"type":"MultiPolygon","coordinates":[[[[-47.309,-16.035],[-48.279,-16.051],[-48.252,-15.943],[-48.287,-15.843],[-48.206,-15.741],[-48.24,-15.707],[-48.233,-15.639],[-48.2,-15.621],[-48.197,-15.501],[-47.417,-15.5],[-47.417,-15.546],[-47.315,-15.594],[-47.314,-15.747],[-47.366,-15.828],[-47.376,-15.978],[-47.309,-16.035]]]]}}]}